Facility Name,City,County,State,Major/Non-Major Status,Facility Latitude,Facility Longitude,SIC Description,Watershed Name,Total Pounds (lb/yr),Load Over Limit,Total TWPE (lb-eq/yr),TWPE Over Limit,Avg Concentration (mg/L),Max Concentration (mg/L),Average Flow (MGD),Percent People of Color (3 mi),Percent Low Income (3 mi),FRS Spatially Derived Tribe,Population Density
CF &AMP; I STEEL L P/ DBA ROCKY MOUNTAIN STEEL MILLS,PUEBLO,PUEBLO,CO,Major,38.232627,-104.607257,BLAST FURN/STEEL WORKS/ROLLING,Salt Creek-Arkansas River,292.6582061,0,324.8506087,0,0.00375,0.005,36.27142857,57.22,51.56,,1686.1
MULBERRY WWTP,FORT COLLINS,LARIMER,CO,Major,40.582452,-105.064681,SEWERAGE SYSTEMS,City of Fort Collins-Cache La Poudre River,44.25343272,0,49.12131032,0,0.00425,0.012,2.407142857,24.34,38.88,,2823.5
TELLURIDE REGIONAL WWTF,TELLURIDE,SAN MIGUEL,CO,Major,37.948611,-107.873333,SEWERAGE SYSTEMS,Headwaters San Miguel River,39.42991729,0,43.76720819,0,0.009035714,0.0965,0.920857143,24.03,32.38,,101.24
SAN JUAN (FORMERLY VISTA) WTP,PAGOSA SPRINGS,ARCHULETA,CO,Major,37.25525,-107.10243,SEWERAGE SYSTEMS,Peterson Gulch-Stollheimer Creek,37.44077337,0,41.55925844,0,0.005,0.01,1.079,16.69,22.46,"Southern Ute Indian Tribe of the Southern Ute Reservation, Colorado - 2.8 mile(s), Jicarilla Apache Nation, New Mexico - 17.6 mile(s)",180.44
GUNNISON WWTP,GUNNISON,GUNNISON,CO,Major,38.515811,-106.995525,SEWERAGE SYSTEMS,Steers Gulch-Gunnison River,16.75425463,0,18.59722264,0,0.004407143,0.0317,1.176857143,18.8,29.25,,39.89
SNOWMASS WATER AND SAN DIST,SNOWMASS VILLAGE,PITKIN,CO,Major,39.2225,-106.925278,SEWERAGE SYSTEMS,Brush Creek-Roaring Fork River,11.34946603,0,12.59790729,0,0.008371429,0.0286,0.734285714,21.71,6.09,,111.25
FORT MORGAN FACILITY,MORGAN COUNTY,MORGAN,CO,Major,40.261221,-103.809929,BEET SUGAR,Cris Lee Draw-South Platte River,10.34160259,0,11.47917887,0,0.005071429,0.033,0.188571429,61.16,43.84,,520.68
BOXELDER SAN DIST WWTF,FORT COLLINS,LARIMER,CO,Major,40.55711,-105.00158,SEWERAGE SYSTEMS,Lower Boxelder Creek,9.91446649,0,11.0050578,0,0.001075,0.0043,2.215,25.05,20.1,,1010.24
SUNCOR ENERGY - DENVER REFINERY,COMMERCE CITY,ADAMS,CO,Major,39.80488,-104.94298,PETROLEUM REFINING,Sand Creek,9.584364888,0,10.63864503,0,0.001214286,0.007,0.699464286,72.73,38.75,,1929.65
HOLCIM (US) INC. PORTLAND PLANT,FLORENCE,FREMONT COUNTY,CO,Non-Major,38.386367,-105.017688,"CEMENT, HYDRAULIC",Willow Spring Creek-Arkansas River,7.15434152,0,7.941319087,0,0.003147619,0.0076,0.26747619,12.74,27.27,,54.24
REGIONAL WWTF,ALAMOSA,ALAMOSA,CO,Major,37.460941,-105.857243,SEWERAGE SYSTEMS,Hansen Bluff-Rio Grande,6.805329839,0.231298965,7.553916122,0.231298965,0.0015625,0.005,0.7415,63.54,46.59,,388.14
UPPER FRASER VALLEY TREATMENT PLANT,FRASER,GRAND,CO,Major,39.962222,-105.815556,SEWERAGE SYSTEMS,Middle Fraser River,4.089121722,0,4.538925111,0,0.002614286,0.0033,0.771428571,23.51,29.91,,114.66
REVENUE MINE,OURAY,OURAY,CO,Non-Major,37.975262,-107.751941,SILVER ORES,Canyon Creek,3.608277215,0.392825998,4.005187708,0.392825998,0.001335714,0.0097,0.4465,3.74,22.99,,2.6
E & W PORTALS OF MOFFAT TUNNEL,UNK,GILPIN,CO,Non-Major,39.90366,-105.63935,"RAILROADS, LINE HAUL OPERATING",Headwaters South Boulder Creek,2.535978463,0,2.814936094,0,0.004771429,0.017,0.26,10.84,23.02,,0.3
ROADSIDE NORTH & SOUTH MINES,PALISADE,MESA,CO,Non-Major,39.12614,-108.32293,"BITUMINOUS COAL & LIG, SURFACE",Watson Creek-Colorado River,0.860353867,0,0.954992792,0,0.00140625,0.0088,0.0790625,22.82,30.41,,134.68
KODAK COLORADO DIV,WINDSOR,WELD,CO,Major,40.4652,-104.87035,PHOTOGRAPHIC EQUIP & SUPPLIES,Windsor Reservoir,0.84269997,0,0.935396967,0,0.006,0.006,0.551857143,16.15,12.29,,462.21
LOCKHEED MARTIN - WATERTON PLANT USAF PJ,LITTLETON,JEFFERSON,CO,Major,39.496342,-105.107588,GUIDED MISSILES & SPACE VEHICL,Chatfield Reservoir,0.809143056,0,0.898148792,0,0.009666667,0.024,0.041685714,19.52,6.63,,353.85
WIGGINS WTF,WIGGINS,MORGAN,CO,Non-Major,40.394611,-104.132139,WATER SUPPLY,1.02E+11,0.145405233,0,0.161399809,0,0.002535714,0.005,0.027594857,20.3,36.84,,4.74
LYONS CEMENT PLANT,LONGMONT,BOULDER,CO,Non-Major,40.202,-105.236,"CEMENT, HYDRAULIC",Indian Mountain-Saint Vrain Creek,0.025009313,0,0.027760337,0,0.003742857,0.0077,0.001601429,7.96,11.15,,111.89
"SALIDA, CITY OF WWTP",SALIDA,CHAFFEE,CO,Major,38.514585,-105.973243,SEWERAGE SYSTEMS,Maverick Gulch-Arkansas River,0.001801515,0,0.001999682,0,0.00000345,0.0000069,0.646928571,19.95,35.55,,211.37
LARIMER ENERGY FACILITY,FORT COLLINS,LARIMER,CO,Non-Major,40.49682,-105.11552,REFUSE SYSTEMS,Fossil Creek-Reservoir-Cache La Poudre River,9.59E-05,0,0.000106455,0,0.00000447,0.0000114,0.002591667,20.51,15.91,,947.28
AIRGAS DENVER ASU,DENVER,DENVER,CO,Non-Major,39.671913,-104.998281,INDUSTRIAL GASES,1.02E+11,0,0,0,0,0,0,0,44.07,26.8,,4999.41
WOODMEN HILLS METRO DIST WWTF,PEYTON,EL PASO,CO,Major,38.969888,-104.597155,SEWERAGE SYSTEMS,Falcon,0,0,0,0,0,0,0.939375,24.09,12.24,,509.38
"WINDSOR, THE TOWN OF",WINDSOR,WELD,CO,Major,40.43915,-104.873353,SEWERAGE SYSTEMS,1.02E+11,0,0,0,0,0,0,1.9815,16.4,12.06,,304.49
LA JUNTA CITY OF,LA JUNTA,OTERO,CO,Major,37.98596,-103.53114,SEWERAGE SYSTEMS,King Arroyo,0,0,0,0,0,0,1.020190476,55.33,44.39,,272.44
STEAMBOAT SPRINGS WWTP,STEAMBOAT SPRINGS,ROUTT,CO,Major,40.48561,-106.84335,SEWERAGE SYSTEMS,Cow Creek-Yampa River,0,0,0,0,0,0,3.748458333,18.75,20.61,,339.18
COPPER MOUNTAIN CONSOLIDATED METRO DISTRICT,COPPER MOUNTAIN,SUMMIT,CO,Major,39.507767,-106.142274,SEWERAGE SYSTEMS,West Tenmile Creek,0,0,0,0,0,0,0.22575,13.32,21.75,,13.32
US ARMY FORT CARSON,FT CARSON,EL PASO,CO,Non-Major,38.753333,-104.765556,NATIONAL SECURITY,Cheyenne Mountain,0,0,0,0,0.001766667,0.0053,,44.28,33.41,,2221.1
GREELEY WWTP,GREELEY,WELD,CO,Major,40.423628,-104.676788,SEWERAGE SYSTEMS,Outlet Cache La Poudre River,0,0,0,0,0,0,2.604166667,57.86,48.82,,1989.88
ERIE NORTH WATER RECLAMATION FACILITY,WELD COUNTY,WELD,CO,Major,40.087622,-105.046857,SEWERAGE SYSTEMS,Outlet Boulder Creek,0,0,0,0,0,0,1.85975,24.93,12.45,,204.62
HILL-N-PARK STP,GREELEY,WELD,CO,Non-Major,40.363506,-104.733179,SEWERAGE SYSTEMS,Ashcroft Draw-South Platte River,0,0,0,0,0,0,1.6245,47.28,37.06,,1618.79
USFWS-ROCKY MOUNTAIN ARSENAL NWR,COMMERCE CITY,ADAMS,CO,Non-Major,39.80747,-104.89577,WATER SUPPLY,City of Thornton-South Platte River,0,0,0,0,0,0,,68.01,34.97,,1114.97
MILLIKEN REVERSE OSMOSIS WTP,MILLIKEN,WELD,CO,Non-Major,40.31937,-104.86397,WATER SUPPLY,Outlet Little Thompson River,0,0,0,0,0,0,0.080125,30.45,24.7,,341.13
SOUTHWEST WWTF,CORTEZ,MONTEZUMA,CO,Major,37.321944,-108.606111,SEWERAGE SYSTEMS,Highline Ditch-McElmo Creek,0,0,0,0,0,0,0.816057143,34.89,40.29,"Ute Mountain Ute Tribe - 3.9 mile(s), Southern Ute Indian Tribe of the Southern Ute Reservation, Colorado - 17.9 mile(s), Navajo Nation, Arizona, New Mexico, & Utah - 22.3 mile(s)",272.15
GLENWOOD SPRINGS WWTF,GLENWOOD SPRINGS,GARFIELD,CO,Major,39.557271,-107.353458,SEWERAGE SYSTEMS,South Canyon Creek-Colorado River,0,0,0,0,0,0,0.809799429,42.56,27.71,,319.91
CITY OF BRIGHTON WWTP,BRIGHTON,ADAMS,CO,Major,39.99,-104.825,SEWERAGE SYSTEMS,Third Creek,0,0,0,0,0,0,1.323285714,44.45,23.68,,1050.96
SAN LUIS GOLD,SAN LUIS,COSTILLA,CO,Non-Major,37.2536,-105.349722,GOLD ORES,Rito Seco,0,0,0,0,0,0,0.1325,66.28,52.33,,0.18
BIG DRY CREEK WWTP,WESTMINSTER,ADAMS,CO,Major,39.93756,-104.99496,SEWERAGE SYSTEMS,Middle Big Dry Creek,0,0,0,0,0,0,3.981904762,34.64,17.73,,3131.14
FOXRIDGE FARMS MHP-CHLORINATOR FOR DENVER WEST WELL,AURORA,ARAPAHOE,CO,Non-Major,39.73975,-104.66913,SEWERAGE SYSTEMS,First Creek,0,0,0,0,0,0,0.1499,48.9,9.87,,103.01
VAIL WWTP,VAIL,EAGLE,CO,Major,39.64159,-106.39398,SEWERAGE SYSTEMS,Lower Gore Creek,0,0,0,0,0,0,1.47625,6.78,21.36,,145.01
SILVER BELL TAILINGS,OPHIR,SAN MIGUEL,CO,Non-Major,37.863611,-107.875111,"METAL ORES, NEC",Howard Fork,0,0,0,0,0,0,0.000988095,16.25,28.9,,11.43
CRIPPLE CREEK & VICTOR GOLD MINING CO,VICTOR,TELLER,CO,Major,38.721672,-105.157514,GOLD ORES,Cripple Creek-Four Mile Creek,0,0,0,0,0,0,1.895,24.37,41.7,,61.57
METRO WASTEWATER RECLAMATION DIST/TRIGEN,DENVER,ADAMS,CO,Major,39.81497,-104.95923,SEWERAGE SYSTEMS,Cherry Creek-South Platte River,0,0,0,0,0,0,135.1142857,71.88,35.5,,2453.19
RUBY TRUST MINE,OURAY COUNTY,OURAY,CO,Non-Major,37.982556,-107.761361,GOLD ORES,Canyon Creek,0,0,0,0,0,0,0.492857143,4.15,23,,2.53
LEPRINO GREELEY FACILITY WWTF,WELD COUNTY,WELD,CO,Non-Major,40.418961,-104.673213,"CHEESE, NATURAL AND PROCESSED",Outlet Cache La Poudre River,0,0,0,0,0,0,0.770566667,58.06,49.76,,1989.88
EDWARDS WWTF,EDWARDS,EAGLE,CO,Major,39.654444,-106.625833,SEWERAGE SYSTEMS,Squaw Creek-Eagle River,0,0,0,0,0,0,1.025428571,38.6,24.3,,311.38
CITY OF LONGMONT WASTEWATER TREATMENT PLANT,LONGMONT,BOULDER,CO,Major,40.157778,-105.095833,SEWERAGE SYSTEMS,McIntosh Lake-Saint Vrain Creek,0,0,0,0,0,0,3.585714286,33.99,22.65,,2418.27
US BUREAU OF RECLAMATION LEADVILLE DRAINAGE TUNNEL,LOVELAND,LARIMER,CO,Major,40.370771,-105.23643,"LAND, MIN, WILDLIFE/FOREST CON",Dry Creek,0,0,0,0,0,0,1.75,10.35,9.95,,34.55
MONTE VISTA CITY OF,MONTE VISTA,RIO GRANDE,CO,Major,37.581969,-106.12995,SEWERAGE SYSTEMS,City of Monte Vista-Rio Grande,0,0,0,0,0,0,0.478,62.71,33.09,,197.51
SAFETY KLEEN CORP  ENGLEWOOD BRANCH,ENGLEWOOD,ARAPAHOE,CO,Non-Major,39.66563,-105.01104,REFUSE SYSTEMS,1.02E+11,0,0,0,0,0,0,,48.14,28.73,,5028.83
GYPSUM WWTF,GYPSUM,EAGLE,CO,Non-Major,39.651261,-106.963561,SEWERAGE SYSTEMS,Outlet Eagle River,0,0,0,0,0,0,0.599142857,54.45,31.71,,211.57
LONDON MINE EXTENSION TUNNEL,FAIRPLAY,PARK,CO,Major,39.273,-106.145,GOLD ORES,Mosquito Creek,0,0,0,0,0,0,1.447857143,12.31,23.3,,4.96
CITY OF MONTROSE WASTEWATER TREATMENT PLANT,MONTROSE,MONTROSE,CO,Major,38.511842,-107.913572,SEWERAGE SYSTEMS,Outlet Uncompahgre River,0,0,0,0,0,0,1.92,34.43,43.05,,226.34
FORT LUPTON WWTF,FORT LUPTON,WELD,CO,Major,40.08384,-104.82462,SEWERAGE SYSTEMS,City of Fort Lupton-South Platte River,0,0,0,0,0,0,2.068571429,58.44,35.94,,292.2
JAMES R DILORIO WATER RECLAMATION FACILITY,PUEBLO,PUEBLO,CO,Major,38.25657,-104.57752,SEWERAGE SYSTEMS,City of Fearnowville-Arkansas River,0,0,0,0,0,0,10.8,60.59,51.08,,1669.4
BROOMFIELD WWTP,BROOMFIELD,BROOMFIELD,CO,Major,39.9213,-105.02351,SEWERAGE SYSTEMS,Middle Big Dry Creek,0,0,0,0,0,0,2.884928571,32.15,17.19,,3720.3
SUPERIOR METROPOLITAN DIST NO1,SUPERIOR,BOULDER,CO,Major,39.93796,-105.14164,SEWERAGE SYSTEMS,Middle Coal Creek,0,0,0,0,0,0,0.594857143,22.48,12.97,,1104.01
CRIPPLE CREEK & VICTOR GOLD MINING CO,VICTOR,TELLER,CO,Major,38.721672,-105.157514,GOLD ORES,Cripple Creek-Four Mile Creek,0,0,0,0,0,0,0.000617143,24.37,41.7,,61.57
SOUTH FT. COLLINS SANIT. DIST.,FORT COLLINS,LARIMER,CO,Major,40.4835,-105.02997,SEWERAGE SYSTEMS,Fossil Creek-Reservoir-Cache La Poudre River,0,0,0,0,0,0,3.497375,17.8,13.1,,1235.38
CRAIG WWTF,CRAIG,MOFFAT,CO,Major,40.50695,-107.574141,SEWERAGE SYSTEMS,Pine Ridge Gulch,0,0,0,0,0,0,1.220571429,26.79,39.59,,384.21
FRISCO SANITATION DISTRICT WWTP,FRISCO,SUMMIT,CO,Major,39.57486,-106.09134,SEWERAGE SYSTEMS,Dillon Reservoir,0,0,0,0,0,0,0.602171429,15.45,17.81,,186.83
TODD CREEK FARMS METRO DIST #1,UNK,ADAMS,CO,Non-Major,39.966667,-104.866667,WATER SUPPLY,Todd Creek-South Platte River,0,0,0,0,0,0,0.046375,36.01,13.13,,519.16
COLORADO ENERGY NATIONS COMPANY,GOLDEN,JEFFERSON,CO,Non-Major,39.760555,-105.215,"COMBINATION UTILITIES, NEC",Clear Creek Canyon,0,0,0,0,0,0,0,16.5,23.25,,949.08
UPPER MONUMENT CRK REG WWTF,COLORADO SPRINGS,EL PASO,CO,Major,39.056555,-104.854676,SEWERAGE SYSTEMS,Middle Monument Creek,0,0,0,0,0,0,0.970625,17.87,11.14,,708.34
YAMPA TOWN OF-TREATMENT FOR INF GAL YAMPA RIVER,YAMPA,ROUTT,CO,Non-Major,40.15085,-106.90748,SEWERAGE SYSTEMS,Lawson Creek-Yampa River,0,0,0,0,0,0,0.041,17.86,19.64,,19.27
COTTER CORP SCHWARTZWALDER MINE,GOLDEN,JEFFERSON,CO,Non-Major,39.841667,-105.276389,URANIUM-RADIUM-VANADIUM ORES,Middle Ralston Creek,0,0,0,0,0,0,0.057666667,15.3,6.65,,21.82
JOINT WATER PURIFICATION PLANT,ARAPAHOE COUNTY,ARAPAHOE,CO,Major,39.57081,-104.80488,WATER SUPPLY,Happy Canyon Creek-Cherry Creek,0,0,0,0,0,0,0,33.7,13.63,,1495.36
LAS ANIMAS WWTP,LAS ANIMAS,BENT,CO,Non-Major,38.048056,-103.304167,SEWERAGE SYSTEMS,City of Las Animas-Arkansas River,0,0,0,0,0,0,0.371809524,46.27,50.41,,5.45
EISENHOWER TUNNEL WWTF,SILVERTHORNE,SUMMIT,CO,Non-Major,39.679167,-105.903333,"BRIDGE, TUNNEL & ELEV HWY CONS",Headwaters Clear Creek,0,0,0,0,0,0,0.515916667,27.6,30.77,,3.89
MCDONALD FARMS ENTERPRISES INC (MFEI) WWTF,DENVER,DENVER,CO,Non-Major,39.781474,-104.97438,"HEAVY CONSTRUCTION, NEC",Cherry Creek-South Platte River,0,0,0,0,0,0,0,44.87,27.72,,3561.34
ARAPAHOE STATION,DENVER,DENVER,CO,Non-Major,39.66915,-104.99942,ELECTRICAL SERVICES,1.02E+11,0,0,0,0,0,0,0.057742857,44.44,26.89,,4837.87
TREATMENT STORAGE & DISPOSAL,LONGMONT,BOULDER,CO,Major,39.733333,-103.718611,REFUSE SYSTEMS,Bobcat Canyon-Beaver Creek,0,0,0,0,0,0,0,12.7,19.05,,0.09
UPPER THOMPSON WWTP,ESTES PARK,LARIMER,CO,Major,40.3733,-105.48397,SEWERAGE SYSTEMS,Lake Estes-Big Thompson River,0,0,0,0,0,0,0.405875,10.2,18.99,,285.85
PARACHUTE TREATMENT FACILITY,GARFIELD COUNTY,GARFIELD,CO,Non-Major,39.472975,-108.064998,,Parachute Creek,0,0,0,0,0,0,0,19.3,16.8,,91.73
FORT CARSON USARMY,FORT CARSON,EL PASO,CO,Non-Major,38.745547,-104.794961,RAILROAD SWTCHING & TERM ESTAB,Cheyenne Mountain,0,0,0,0,0,0,,37.25,27.6,,1547.1
NORTHGLENN WWTP,BRIGHTON,WELD,CO,Major,40.000329,-104.930171,SEWERAGE SYSTEMS,Lower Big Dry Creek,0,0,0,0,0,0,0.888979592,24.44,6.31,,179.33
"DURANGO, CITY OF WWTP",DURANGO,LA PLATA,CO,Major,37.269358,-107.884768,SEWERAGE SYSTEMS,Dry Fork-Animas River,0,0,0,0,0,0,1.551428571,23,29.33,"Southern Ute Indian Tribe of the Southern Ute Reservation, Colorado - 3.8 mile(s), Ute Mountain Ute Tribe - 23.6 mile(s)",583.38
PUBLIC SERVICE COMPANY OF COLORADO CHEROKEE STATION,DENVER,DENVER,CO,Major,39.807769,-104.964802,ELECTRICAL SERVICES,Cherry Creek-South Platte River,0,0,0,0,0,0,0.748571429,70.14,35.08,,2340.42
LEADVILLE SANITATION DISTRICT,LEADVILLE,LAKE,CO,Major,39.228611,-106.328056,SEWERAGE SYSTEMS,City of Leadville-Arkansas River,0,0,0,0,0,0,0.290142857,28.75,12.66,,201.3
WATTENBERG GAS PLANT,AURORA,ADAMS,CO,Non-Major,39.746431,-104.681535,"OIL AND & FIELD SERVICES, NEC",First Creek,0,0,0,0,0,0,0.001571429,48.49,9.06,,104.22
IOWA HILL WATER RECLAMATION,BRECKENRIDGE,SUMMIT COUNTY,CO,Major,39.503611,-106.052222,SEWERAGE SYSTEMS,Gold Hill-Blue River,0,0,0,0,0,0,0,13.62,22.78,,265.96
EAGLE WWTF,EAGLE,EAGLE,CO,Non-Major,39.646996,-106.841562,SEWERAGE SYSTEMS,Abrams Creek-Brush Creek,0,0,0,0,0,0,0.516984,28.27,22.05,,273.12
PUBLIC SERVICE COMPANY OF COLORADO - COMANCHE POWER PLANT,PUEBLO,PUEBLO,CO,Major,38.201929,-104.57088,ELECTRICAL SERVICES,Outlet Saint Chariles River,0,0,0,0,0,0,0.715982143,58.97,36.52,,136.34
PUEBLO WEST METRO DIST WWTF,PUEBLO WEST,PUEBLO,CO,Major,38.314113,-104.674719,SEWERAGE SYSTEMS,Williams Creek-Dry Creek,0,0,0,0,0,0,1.5,50.56,36.1,,647.26
PERSIGO WASTEWATER TREATMENT PLANT,GRAND JUNCTION,MESA,CO,Major,39.110718,-108.656944,SEWERAGE SYSTEMS,Monument Canyon-Colorado River,0,0,0,0,0,0,5.306380952,12.16,13.93,,377.55
FOUNDRY 2 ST,LOVELAND,LARIMER,CO,Non-Major,40.3938,-105.074,AUTOMOBILE PARKING,Boyd Lake-Big Thompson River,0,0,0,0,0.003742,0.00621,0.006908571,16.58,22,,2057.1
MARCY GULCH WWTF,LITTLETON,DOUGLAS,CO,Major,39.555751,-105.036544,SEWERAGE SYSTEMS,Dutch Creek-South Platte River,0,0,0,0,0,0,6.420428571,16.14,8.22,,2264.84
PINERY WWTF,PARKER,DOUGLAS,CO,Major,39.4615,-104.765194,SEWERAGE SYSTEMS,Lemon Gulch-Cherry Creek,0,0,0,0,0,0,0.492730786,18.91,5.12,,721.14
SAFETY KLEEN CORP 6 052 01,GRAND JUNCTION,MESA,CO,Non-Major,39.05875,-108.54426,REFUSE SYSTEMS,Indian Wash-Colorado River,0,0,0,0,0,0,,24.1,40.95,,2149.86
DENVER WATER - REUSE PLANT,COMMERCE CITY,ADAMS,CO,Non-Major,39.7993,-104.959428,IRRIGATION SYSTEMS,Cherry Creek-South Platte River,0,0,0,0,0,0,0,67.1,36.57,,2229.11
STONEGATE VILLAGE METRO DIST,PARKER,DOUGLAS,CO,Major,39.551402,-104.79351,SEWERAGE SYSTEMS,Happy Canyon Creek-Cherry Creek,0,0,0,0,0,0,0.342428571,29.54,13.27,,1636.06
UNION STATION NORTH WING OFFICE BUILDING,DENVER,DENVER,CO,Non-Major,39.754,-104.999,OPER OF NONRESIDENTIAL BLDGS,Cherry Creek-South Platte River,0,0,0,0,0,0,0.156857143,36.48,25.81,,6567.82
SUMMIT COUNTY SNAKE RIVER WWTP,DILLON,SUMMIT,CO,Major,39.60196,-106.01153,SEWERAGE SYSTEMS,Dillon Reservoir,0,0,0,0,0,0,0.685342857,26.76,19.97,,177.24
BERTHOUD TOWN OF WWTP,BERTHOUD,LARIMER,CO,Major,40.294167,-105.048889,SEWERAGE SYSTEMS,Handy Reservoir-Little Thompson River,0,0,0,0,0,0,1.2626,14.06,14.49,,228.69
FRUITA WASTEWATER RECLAMATION FACILITY,FRUITA,MESA,CO,Major,39.17668,-108.77568,SEWERAGE SYSTEMS,Devils Canyon-Colorado River,0,0,0,0,0,0,0.944375,19.11,22.34,"Ute Indian Tribe of the Uintah & Ouray Reservation, Utah - 24.6 mile(s)",275.03
LAS VEGAS ST WWTF,COLORADO SPRINGS,EL PASO,CO,Major,38.816468,-104.813097,SEWERAGE SYSTEMS,City of Colorado Springs-Fountain Creek,0,0,0,0,0,0,28.08571429,37.11,36.5,,3424.26
OAK CREEK TOWN OF,OAK CREEK,ROUTT,CO,Non-Major,40.29083,-106.97722,SEWERAGE SYSTEMS,Outlet Oak Creek,0,0,0,0,0,0,0.192714286,6.14,21.84,,35.37
"MILLERCOORS, LLC - GOLDEN BREWERY",GOLDEN,JEFFERSON,CO,Major,39.756667,-105.219167,MALT BEVERAGES,Clear Creek Canyon,0,0,0,0,0,0,3.807,16.74,23.69,,901.54
PURE GREENS WWTF,SALIDA,CHAFFEE,CO,Non-Major,38.53407,-106.02109,ORNAMENTAL NURSERY PRODUCTS,Ute Creek-Arkansas River,0,0,0,0,0,0,0,21.22,34.2,,261.62
MT CB WATER + SANITATION DISTRICT WATER TREATMENT PLANT EXPANSION,MOUNT CRESTED BUTTE,GUNNISON,CO,Major,38.89269,-106.97122,SEWERAGE SYSTEMS,Washington Gulch-Slate River,0,0,0,0,0,0,0.409142857,5.42,20.6,,108.95
FOURMILE CREEK SPRINGS-UNINCORP TELLER COUNTY,UNK,TELLER,CO,Non-Major,38.6625,-105.222777,GOLD ORES,Cripple Creek-Four Mile Creek,0,0,0,0,0,0,0.0379,17.95,41.18,,1.26
ST VRAIN SANITATION DISTRICT,CITY OF LONGMONT,WELD,CO,Major,40.181709,-104.929916,SEWERAGE SYSTEMS,Firestone Lake-Saint Vrain Creek,0,0,0,0,0,0,3.66775,33.13,12.89,,316.17
EVANS STP,EVANS,WELD,CO,Major,40.38273,-104.67778,SEWERAGE SYSTEMS,City of Evans-South Platte River,0,0,0,0,0,0,0,54.76,46.07,,1947.45
US AIR FORCE ACADEMY,USAFA,EL PASO,CO,Major,38.990611,-104.860572,"COLLEGES, UNIV & PROF SCHOOLS",Middle Monument Creek,0,0,0,0,0,0,0.2355,25.42,18.4,,298.16
HAROLD D THOMPSON REGIONAL WW RECLAMATION FACILITY,FOUNTAIN,EL PASO,CO,Major,38.621186,-104.664391,SEWERAGE SYSTEMS,Callahan Reservoir-Fountain Creek,0,0,0,0,0,0,0.944285714,32.72,34.54,,14.41
UNITED STATES DEPARTMENT OF THE ARMY - FORT CARSON,FORT CARSON,EL PASO,CO,Major,38.72334,-104.742779,SEWERAGE SYSTEMS,Cheyenne Mountain,0,0,0,0,0,0,,42.61,32.87,,1427.92
ANN ALLISON #1,LINDON,WASHINGTON,CO,Non-Major,39.774,-103.419,CRUDE PETROLEUM & NATURAL GAS,Lower Vega Creek,0,0,0,0,0,0,0,16.67,38.89,,1.06
BELL MTN RANCH,CASTLE ROCK,DOUGLAS,CO,Non-Major,39.29785,-104.8628,WATER SUPPLY,Middle East Plum Creek,0,0,0,0,0,0,0,15.98,6.1,,84.83
FOXRIDGE FARMS MHP-CHLORINATOR FOR DENVER WEST WELL,AURORA,ARAPAHOE,CO,Non-Major,39.73975,-104.66913,SEWERAGE SYSTEMS,First Creek,0,0,0,0,0,0,0.063525,48.9,9.87,,103.01
SECURITY SD,FOUNTAIN,EL PASO,CO,Major,38.73768,-104.73661,SEWERAGE SYSTEMS,Cheyenne Mountain,0,0,0,0,0,0,0.940125,42.26,31.36,,1566.31
GRANBY SANITATION DISTRICT WWTF,GRANBY,GRAND,CO,Major,40.083807,-105.961202,SEWERAGE SYSTEMS,Lower Fraser River,0,0,0,0,0,0,0.456285714,11.98,17.21,,85.48
DRAKE WATER RECLAMATION FACILITY,FORT COLLINS,LARIMER,CO,Major,40.555277,-105.020555,SEWERAGE SYSTEMS,City of Fort Collins-Cache La Poudre River,0,0,0,0,0,0,4.728571429,21.95,22.72,,1744.96
MOFFAT TUNNEL EAST PORTAL,ROLLINSVILLE,GILPIN,CO,Non-Major,39.90222,-105.64417,"RAILROADS, LINE HAUL OPERATING",Headwaters South Boulder Creek,0,0,0,0,0,0,0.043285714,10.96,23.71,,0.22
LITTLETON/ENGLEWOOD WWTP,ENGLEWOOD,ARAPAHOE,CO,Major,39.66133,-105.00381,SEWERAGE SYSTEMS,1.02E+11,0,0,0,0,0,0,10.71428571,43.82,27,,4688.31
JD PHILLIPS WATER RECLAMATION FACILITY,COLORADO SPRINGS,EL PASO,CO,Major,38.89463,-104.825545,SEWERAGE SYSTEMS,Lower Monument Creek,0,0,0,0,0,0,8,25.17,27.91,,2410.2
ROCKY FORD SEWAGE LAGOONS,ROCKY FORD,OTERO,CO,Major,38.066389,-103.694167,SEWERAGE SYSTEMS,Dye Reservoir,0,0,0,0,0,0,0.575714286,61.7,63.35,,176.47
ESTES PARK SANITATION DISTRICT,ESTES PARK,LARIMER,CO,Major,40.37967,-105.51383,SEWERAGE SYSTEMS,Lake Estes-Big Thompson River,0,0,0,0,0,0,0.486428571,12.16,19.06,,251.22
75TH STREET WASTEWATER TREATMENT PLANT,BOULDER,BOULDER,CO,Major,40.048596,-105.186653,SEWERAGE SYSTEMS,Dry Creek-Boulder Creek,0,0,0,0,0,0,6.357142857,12.79,18.49,,587.62
METRO WASTEWATER RECLAMATION DISTRICT- NORTHERN TREATMENT PLANT,BRIGHTON,WELD,CO,Major,40.000518,-104.679449,SEWERAGE SYSTEMS,Mile High Lakes-Beebe Seep Canal,0,0,0,0,0,0,6.078571429,47.89,18.26,,221.56
DELTA WWTP,DELTA,DELTA,CO,Major,38.76279,-108.10172,SEWERAGE SYSTEMS,Petrie Mesa-Gunnison River,0,0,0,0,0,0,0.769428571,33.64,43,,227.88
WATTENBERG WTP,WELD COUNTY,WELD,CO,Non-Major,40.0241,-104.837209,WATER SUPPLY,City of Brighton-South Platte River,0,0,0,0,0,0,0.008714286,45.76,27.65,,326.57
