FIELD_NAME,FIELD_TYPE,FIELD_SIZE_FORMAT,FIELD_DESC,FIELD_MIN,FIELD_MAX,FIELD_UNIT,FIELD_TABLES,FIELD_COMMENT
ADDL_ATTR,Short Text,255,"Additional attributes used to modify PRIMARY_CLASS, SECONDARY_CLASS, or SPECIFIC_NAME; derived from sample data values and information in fields of original databases that do not have equivalent fields in the NGDB",,,(text),"Geology, Geochem_BV",
Ag_AM,Short Text,20,"Silver, analytical method used for ""best value"", abbreviation; see ANALYTIC_METHOD field of AnalyticMethod table for abbreviation definition",,,(text),BV_Ag_Mo,
Ag_ppm,Number,Double,"Silver, as ""best value"", in parts per million by weight",-40,630000,parts per million,BV_Ag_Mo,Values ending in 0.11111 indicate that the element was measured at a concentration greater than the upper limit of determination for the analytical method; negative values indicate determinations less than the detection limit of the analytical method; the absolute value of the negative number is the detection limit; a null (or empty cell) means not analyzed
Ag_ppm_ALL,Short Text,255,"Silver, all values, in parts per million by weight, and their analytical methods, from best method to least, concatenation",,,(text),"BV_Ag_Mo, Geochem_BV",
Al_AM,Short Text,20,"Aluminum, analytical method used for ""best value"", abbreviation; see ANALYTIC_METHOD field of AnalyticMethod table for abbreviation definition",,,(text),BV_Ag_Mo,
Al_pct,Number,Double,"Aluminum, as ""best value"", in weight percent",-0.01,19.2,weight percent,"BV_Ag_Mo, Geochem_BV",Values ending in 0.11111 indicate that the element was measured at a concentration greater than the upper limit of determination for the analytical method; negative values indicate determinations less than the detection limit of the analytical method; the absolute value of the negative number is the detection limit; a null (or empty cell) means not analyzed
Al_pct_ALL,Short Text,255,"Aluminum, all values, in weight percent, and their analytical methods, from best method to least, concatenation",,,(text),BV_Ag_Mo,
ALTERATION,Short Text,50,An indication of the presence or type of alteration noted in the sample by the submitter,,,(text),"Geology, Geochem_BV",
AM_PUB_AUTHOR,Short Text,255,Author(s) or organization responsible for analytic method publication,,,(text),AnalyticMethod_Biblio,
AM_PUB_CITATION,Long Text,"65,535",Bibliographic citation for analytic method publication; chapter or section of publication,,,(text),AnalyticMethod_Biblio,
AM_PUB_ID,Short Text,50,Unique ID for analytic method publication; key field,,,(text),AnalyticMethod_Biblio (key); AnalyticMethod,
AM_PUB_LINK,Hyperlink,n/a,"DOI or URL of analytic method publication, if available",,,(text),AnalyticMethod_Biblio,
AM_PUB_YEAR,Number,Long Integer,Year of analytic method publication or online access,1970,2017,year,AnalyticMethod_Biblio,
AM_Scope,Short Text,100,Abbreviations of analytical methods covered by publication,,,(text),AnalyticMethod_Biblio,
ANALYTIC_METHOD,Short Text,50,Unique short name of analytic method,,,(text),"AnalyticMethod (key), ChemData, Parameter",
ANALYTIC_METHOD_COUNT,Number,Long Integer,Total number of determinations by each analytical method,1,519944,determinations,AnalyticMethod,
ANALYTIC_METHOD_DESC,Short Text,255,Full description of analytical method,,,(text),AnalyticMethod,
As_AM,Short Text,20,"Arsenic, analytical method used for ""best value"", abbreviation; see ANALYTIC_METHOD field of AnalyticMethod table for abbreviation definition",,,(text),BV_Ag_Mo,
As_ppm,Number,Double,"Arsenic, as ""best value"", in parts per million by weight",-1000,841000,parts per million,"BV_Ag_Mo, Geochem_BV",Values ending in 0.11111 indicate that the element was measured at a concentration greater than the upper limit of determination for the analytical method; negative values indicate determinations less than the detection limit of the analytical method; the absolute value of the negative number is the detection limit; a null (or empty cell) means not analyzed
As_ppm_ALL,Short Text,255,"Arsenic, all values, in parts per million by weight, and their analytical methods, from best method to least, concatenation",,,(text),BV_Ag_Mo,
Au_AM,Short Text,20,"Gold, analytical method used for ""best value"", abbreviation; see ANALYTIC_METHOD field of AnalyticMethod table for abbreviation definition",,,(text),BV_Ag_Mo,
Au_ppm,Number,Double,"Gold, as ""best value"", in parts per million by weight",-170,444000,parts per million,"BV_Ag_Mo, Geochem_BV",Values ending in 0.11111 indicate that the element was measured at a concentration greater than the upper limit of determination for the analytical method; negative values indicate determinations less than the detection limit of the analytical method; the absolute value of the negative number is the detection limit; a null (or empty cell) means not analyzed
Au_ppm_ALL,Short Text,255,"Gold, all values, in parts per million by weight, and their analytical methods, from best method to least, concatenation",,,(text),BV_Ag_Mo,
B_AM,Short Text,20,"Boron, analytical method used for ""best value"", abbreviation; see ANALYTIC_METHOD field of AnalyticMethod table for abbreviation definition",,,(text),BV_Ag_Mo,
B_ppm,Number,Double,"Boron, as ""best value"", in parts per million by weight",-20,42300,parts per million,"BV_Ag_Mo, Geochem_BV",Negative values indicate determinations less than the detection limit of the analytical method; the absolute value of the negative number is the detection limit; a null (or empty cell) means not analyzed
B_ppm_ALL,Short Text,255,"Boron, all values, in parts per million by weight, and their analytical methods, from best method to least, concatenation.",,,(text),BV_Ag_Mo,
Ba_AM,Short Text,20,"Barium, analytical method used for ""best value"", abbreviation; see ANALYTIC_METHOD field of AnalyticMethod table for abbreviation definition",,,(text),BV_Ag_Mo,
Ba_ppm,Number,Double,"Barium, as ""best value"", in parts per million by weight",-380,360000,parts per million,"BV_Ag_Mo, Geochem_BV",Values ending in 0.11111 indicate that the element was measured at a concentration greater than the upper limit of determination for the analytical method; negative values indicate determinations less than the detection limit of the analytical method; the absolute value of the negative number is the detection limit; a null (or empty cell) means not analyzed
Ba_ppm_ALL,Short Text,255,"Barium, all values, in parts per million by weight, and their analytical methods, from best method to least, concatenation",,,(text),BV_Ag_Mo,
Be_AM,Short Text,20,"Beryllium, analytical method used for ""best value"", abbreviation; see ANALYTIC_METHOD field of AnalyticMethod table for abbreviation definition",,,(text),BV_Ag_Mo,
Be_ppm,Number,Double,"Beryllium, as ""best value"", in parts per million by weight",-10,20000,parts per million,"BV_Ag_Mo, Geochem_BV",Values ending in 0.11111 indicate that the element was measured at a concentration greater than the upper limit of determination for the analytical method; negative values indicate determinations less than the detection limit of the analytical method; the absolute value of the negative number is the detection limit; a null (or empty cell) means not analyzed
Be_ppm_ALL,Short Text,255,"Beryllium, all values, in parts per million by weight, and their analytical methods, from best method to least, concatenation",,,(text),BV_Ag_Mo,
BESTVALUE_RANK,Short Text,255,"Ranking of the analytical methods used in the determination of each species best value; based on Crock, Lamothe, O'Leary, Koenig and others, in Granitto and others (2018); lower values represent better methods",,,(text),ChemData,
Bi_AM,Short Text,20,"Bismuth, analytical method used for ""best value"", abbreviation; see ANALYTIC_METHOD field of AnalyticMethod table for abbreviation definition",,,(text),BV_Ag_Mo,
Bi_ppm,Number,Double,"Bismuth, as ""best value"", in parts per million by weight",-100,91600,parts per million,"BV_Ag_Mo, Geochem_BV",Values ending in 0.11111 indicate that the element was measured at a concentration greater than the upper limit of determination for the analytical method; negative values indicate determinations less than the detection limit of the analytical method; the absolute value of the negative number is the detection limit; a null (or empty cell) means not analyzed
Bi_ppm_ALL,Short Text,255,"Bismuth, all values, in parts per million by weight, and their analytical methods, from best method to least, concatenation",,,(text),BV_Ag_Mo,
Br_AM,Short Text,20,"Bromine, analytical method used for ""best value"", abbreviation; see ANALYTIC_METHOD field of AnalyticMethod table for abbreviation definition",,,(text),BV_Ag_Mo,
Br_ppm,Number,Double,"Bromine, as ""best value"", in parts per million by weight",-0.5,-0.5,parts per million,"BV_Ag_Mo, Geochem_BV",Negative values indicate determinations less than the detection limit of the analytical method; the absolute value of the negative number is the detection limit; a null (or empty cell) means not analyzed
Br_ppm_ALL,Short Text,255,"Bromine, all values, in parts per million by weight, and their analytical methods, from best method to least, concatenation",,,(text),BV_Ag_Mo,
C_AM,Short Text,20,"Total carbon, analytical method used for ""best value"", abbreviation; see ANALYTIC_METHOD field of AnalyticMethod table for abbreviation definition",,,(text),BV_Ag_Mo,
C_pct,Number,Double,"Total carbon, as ""best value"", in weight percent",-0.02,12.57,weight percent,"BV_Ag_Mo, Geochem_BV",Negative values indicate determinations less than the detection limit of the analytical method; the absolute value of the negative number is the detection limit; a null (or empty cell) means not analyzed
C_pct_ALL,Short Text,255,"Total carbon, all values, in weight percent, and their analytical methods, from best method to least, concatenation",,,(text),BV_Ag_Mo,
Ca_AM,Short Text,20,"Calcium, analytical method used for ""best value"", abbreviation; see ANALYTIC_METHOD field of AnalyticMethod table for abbreviation definition",,,(text),BV_Ag_Mo,
Ca_pct,Number,Double,"Calcium, as ""best value"", in weight percent",-0.1,54.87,weight percent,"BV_Ag_Mo, Geochem_BV",Values ending in 0.11111 indicate that the element was measured at a concentration greater than the upper limit of determination for the analytical method; negative values indicate determinations less than the detection limit of the analytical method; the absolute value of the negative number is the detection limit; a null (or empty cell) means not analyzed
Ca_pct_ALL,Short Text,255,"Calcium, all values, in weight percent, and their analytical methods, from best method to least, concatenation",,,(text),BV_Ag_Mo,
CCO3_AM,Short Text,20,"Carbonate carbon, analytical method used for ""best value"", abbreviation; see ANALYTIC_METHOD field of AnalyticMethod table for abbreviation definition",,,(text),BV_Ag_Mo,
CCO3_pct,Number,Double,"Carbonate carbon, as ""best value"", in weight percent",-0.01,8.57,weight percent,BV_Ag_Mo,Negative values indicate determinations less than the detection limit of the analytical method; the absolute value of the negative number is the detection limit; a null (or empty cell) means not analyzed
CCO3_pct_ALL,Short Text,255,"Carbonate carbon, all values, in weight percent, and their analytical methods, from best method to least, concatenation",,,(text),BV_Ag_Mo,
Cd_AM,Short Text,20,"Cadmium, analytical method used for ""best value"", abbreviation; see ANALYTIC_METHOD field of AnalyticMethod table for abbreviation definition",,,(text),BV_Ag_Mo,
Cd_ppm,Number,Double,"Cadmium, as ""best value"", in parts per million by weight",-50,2870,parts per million,"BV_Ag_Mo, Geochem_BV",Values ending in 0.11111 indicate that the element was measured at a concentration greater than the upper limit of determination for the analytical method; negative values indicate determinations less than the detection limit of the analytical method; the absolute value of the negative number is the detection limit; a null (or empty cell) means not analyzed
Cd_ppm_ALL,Short Text,255,"Cadmium, all values, in parts per million by weight, and their analytical methods, from best method to least, concatenation",,,(text),BV_Ag_Mo,
Ce_AM,Short Text,20,"Cerium, analytical method used for ""best value"", abbreviation; see ANALYTIC_METHOD field of AnalyticMethod table for abbreviation definition",,,(text),BV_Ag_Mo,
Ce_ppm,Number,Double,"Cerium, as ""best value"", in parts per million by weight",-200,268400,parts per million,"BV_Ag_Mo, Geochem_BV",Values ending in 0.11111 indicate that the element was measured at a concentration greater than the upper limit of determination for the analytical method; negative values indicate determinations less than the detection limit of the analytical method; the absolute value of the negative number is the detection limit; a null (or empty cell) means not analyzed
Ce_ppm_ALL,Short Text,255,"Cerium, all values, in parts per million by weight, and their analytical methods, from best method to least, concatenation",,,(text),BV_Ag_Mo,
ChemData_ID,AutoNumber,Long Integer,Unique quantitative chemical value identifier,1,1958714,count,ChemData (key),
Cl_AM,Short Text,20,"Chlorine, analytical method used for ""best value"", abbreviation; see ANALYTIC_METHOD field of AnalyticMethod table for abbreviation definition",,,(text),BV_Ag_Mo,
Cl_pct,Number,Double,"Chlorine, as ""best value"", in weight percent",-0.1,2.49,weight percent,"BV_Ag_Mo, Geochem_BV",Negative values indicate determinations less than the detection limit of the analytical method; the absolute value of the negative number is the detection limit; a null (or empty cell) means not analyzed
Cl_pct_ALL,Short Text,255,"Chlorine, all values, in weight percent, and their analytical methods, from best method to least, concatenation",,,(text),BV_Ag_Mo,
Co_AM,Short Text,20,"Cobalt, analytical method used for ""best value"", abbreviation; see ANALYTIC_METHOD field of AnalyticMethod table for abbreviation definition",,,(text),BV_Ag_Mo,
Co_ppm,Number,Double,"Cobalt, as ""best value"", in parts per million by weight",-10,144000,parts per million,"BV_Ag_Mo, Geochem_BV",Values ending in 0.11111 indicate that the element was measured at a concentration greater than the upper limit of determination for the analytical method; negative values indicate determinations less than the detection limit of the analytical method; the absolute value of the negative number is the detection limit; a null (or empty cell) means not analyzed
Co_ppm_ALL,Short Text,255,"Cobalt, all values, in parts per million by weight, and their analytical methods, from best method to least, concatenation",,,(text),BV_Ag_Mo,
CO2_AM,Short Text,20,"Carbon dioxide, analytical method used for ""best value"", abbreviation; see ANALYTIC_METHOD field of AnalyticMethod table for abbreviation definition",,,(text),BV_Ag_Mo,
CO2_pct,Number,Double,"Carbon dioxide, as ""best value"", in weight percent",-0.1,44.18,weight percent,BV_Ag_Mo,Negative values indicate determinations less than the detection limit of the analytical method; the absolute value of the negative number is the detection limit; a null (or empty cell) means not analyzed
CO2_pct_ALL,Short Text,255,"Carbon dioxide, all values, in weight percent, and their analytical methods, from best method to least, concatenation",,,(text),BV_Ag_Mo,
COORDINATES_COMMENT,Short Text,255,Comment regarding geospatial coordinates LATITUDE_orig and LONGITUDE_orig,,,(text),"Geology, Geochem_BV",
Corg_AM,Short Text,20,"Organic carbon, analytical method used for ""best value"", abbreviation; see ANALYTIC_METHOD field of AnalyticMethod table for abbreviation definition",,,(text),BV_Ag_Mo,
Corg_pct,Number,Double,"Organic carbon, as ""best value"", in weight percent",-0.33,1.9,weight percent,BV_Ag_Mo,Negative values indicate determinations less than the detection limit of the analytical method; the absolute value of the negative number is the detection limit; a null (or empty cell) means not analyzed
Corg_pct_ALL,Short Text,255,"Organic carbon, all values, in weight percent, and their analytical methods, from best method to least, concatenation",,,(text),BV_Ag_Mo,
COUNTRY,Short Text,20,Country from where the sample was collected,,,(text),"Geology, Geochem_BV",
Cr_AM,Short Text,20,"Chromium, analytical method used for ""best value"", abbreviation; see ANALYTIC_METHOD field of AnalyticMethod table for abbreviation definition",,,(text),BV_Ag_Mo,
Cr_ppm,Number,Double,"Chromium, as ""best value"", in parts per million by weight",-130,1738,parts per million,"BV_Ag_Mo, Geochem_BV",Negative values indicate determinations less than the detection limit of the analytical method; the absolute value of the negative number is the detection limit; a null (or empty cell) means not analyzed
Cr_ppm_ALL,Short Text,255,"Chromium, all values, in parts per million by weight, and their analytical methods, from best method to least, concatenation",,,(text),BV_Ag_Mo,
Cred_AM,Short Text,255,"Reduced carbon, analytical method used for ""best value"", abbreviation; see ANALYTIC_METHOD field of AnalyticMethod table for abbreviation definition",,,(text),BV_Ag_Mo,
Cred_pct,Number,Double,"Reduced carbon, as ""best value"", in weight percent",0.01,2.22,weight percent,BV_Ag_Mo,A null (or empty cell) means not analyzed
Cred_pct_ALL,Short Text,255,"Reduced carbon, all values, in weight percent, and their analytical methods, from best method to least, concatenation",,,(text),BV_Ag_Mo,
Cs_AM,Short Text,20,"Cesium, analytical method used for ""best value"", abbreviation; see ANALYTIC_METHOD field of AnalyticMethod table for abbreviation definition",,,(text),BV_Ag_Mo,
Cs_ppm,Number,Double,"Cesium, as ""best value"", in parts per million by weight",-10,539,parts per million,"BV_Ag_Mo, Geochem_BV",Negative values indicate determinations less than the detection limit of the analytical method; the absolute value of the negative number is the detection limit; a null (or empty cell) means not analyzed
Cs_ppm_ALL,Short Text,255,"Cesium, all values, in parts per million by weight, and their analytical methods, from best method to least, concatenation",,,(text),BV_Ag_Mo,
Cu_AM,Short Text,20,"Copper, analytical method used for ""best value"", abbreviation; see ANALYTIC_METHOD field of AnalyticMethod table for abbreviation definition",,,(text),BV_Ag_Mo,
Cu_ppm,Number,Double,"Copper, as ""best value"", in parts per million by weight",-30,411000,parts per million,"BV_Ag_Mo, Geochem_BV",Values ending in 0.11111 indicate that the element was measured at a concentration greater than the upper limit of determination for the analytical method; negative values indicate determinations less than the detection limit of the analytical method; the absolute value of the negative number is the detection limit; a null (or empty cell) means not analyzed
Cu_ppm_ALL,Short Text,255,"Copper, all values, in parts per million by weight, and their analytical methods, from best method to least, concatenation",,,(text),BV_Ag_Mo,
DATA_VALUE,Number,Double,Numeric result of sample analysis; units are those of the field chosen as giving the best value of the element for that sample,0.0000007,872000,(varies),ChemData,
DATE_COLLECTED,Short Text,255,"Date the sample was collected, when recorded; date can be specific, general or a span of time",,,(text),"Geology, Geochem_BV",
DATE_SUBMITTED,Date/Time,n/a,Date sample was submitted to USGS Sample Control or to the analytical laboratory for initial database processing prior to sample prep and analysis; often estimated for non-USGS samples,12/2/1965,1/1/2019,days,"Geology, Geochem_BV",
DECOMPOSITION,Short Text,45,"Brief description of decomposition method used for given TECHNIQUE in the analysis of the sample, or a comment that further describes this TECHNIQUE",,,(text),ChemData,
DEPOSIT_NAME,Short Text,255,"Name of the mineral deposit from which the sample was collected; from USMIN, MRDS or ARDF",,,(text),"Geology, Geochem_BV",
DEPOSIT_TYPE,Short Text,255,Mineral deposit type associated with sample; from CMMI,,,(text),"Geology, Geochem_BV",
DEPTH,Short Text,65,"Depth from the surface at which the sample was collected; may represent an interval; units, if present, were specified by the submitter",,,(text),"Geology, Geochem_BV",
DIGESTION,Short Text,1,Abbreviation of degree of sample digestion – total or partial – required by TECHNIQUE used to analyze the sample for a specific species,,,(text),ChemData,
DIGESTION_METHOD,Short Text,25,Digestion method used in analytical method,,,(text),AnalyticMethod,
DISTRICT_NAME,Short Text,255,"Mining district from which the sample was collected; from USMIN, MRDS or ARDF",,,(text),"Geology, Geochem_BV",
Dy_AM,Short Text,20,"Dysprosium, analytical method used for ""best value"", abbreviation; see ANALYTIC_METHOD field of AnalyticMethod table for abbreviation definition",,,(text),BV_Ag_Mo,
Dy_ppm,Number,Double,"Dysprosium, as ""best value"", in parts per million by weight",-50,7523,parts per million,"BV_Ag_Mo, Geochem_BV",Values ending in 0.11111 indicate that the element was measured at a concentration greater than the upper limit of determination for the analytical method; negative values indicate determinations less than the detection limit of the analytical method; the absolute value of the negative number is the detection limit; a null (or empty cell) means not analyzed
Dy_ppm_ALL,Short Text,255,"Dysprosium, all values, in parts per million by weight, and their analytical methods, from best method to least, concatenation",,,(text),BV_Ag_Mo,
Er_AM,Short Text,20,"Erbium, analytical method used for ""best value"", abbreviation; see ANALYTIC_METHOD field of AnalyticMethod table for abbreviation definition",,,(text),BV_Ag_Mo,
Er_ppm,Number,Double,"Erbium, as ""best value"", in parts per million by weight",-50,4686,parts per million,"BV_Ag_Mo, Geochem_BV",Values ending in 0.11111 indicate that the element was measured at a concentration greater than the upper limit of determination for the analytical method; negative values indicate determinations less than the detection limit of the analytical method; the absolute value of the negative number is the detection limit; a null (or empty cell) means not analyzed
Er_ppm_ALL,Short Text,255,"Erbium, all values, in parts per million by weight, and their analytical methods, from best method to least, concatenation",,,(text),BV_Ag_Mo,
Eu_AM,Short Text,20,"Europium, analytical method used for ""best value"", abbreviation; see ANALYTIC_METHOD field of AnalyticMethod table for abbreviation definition",,,(text),BV_Ag_Mo,
Eu_ppm,Number,Double,"Europium, as ""best value"", in parts per million by weight",-100,1300,parts per million,"BV_Ag_Mo, Geochem_BV",Values ending in 0.11111 indicate that the element was measured at a concentration greater than the upper limit of determination for the analytical method; negative values indicate determinations less than the detection limit of the analytical method; the absolute value of the negative number is the detection limit; a null (or empty cell) means not analyzed
Eu_ppm_ALL,Short Text,255,"Europium, all values, in parts per million by weight, and their analytical methods, from best method to least, concatenation",,,(text),BV_Ag_Mo,
F_AM,Short Text,20,"Fluorine, analytical method used for ""best value"", abbreviation; see ANALYTIC_METHOD field of AnalyticMethod table for abbreviation definition",,,(text),BV_Ag_Mo,
F_pct,Number,Double,"Fluorine, as ""best value"", in weight percent",-0.011,45,weight percent,"BV_Ag_Mo, Geochem_BV",Values ending in 0.11111 or 0.71111 indicate that the element was measured at a concentration greater than the upper limit of determination for the analytical method; negative values indicate determinations less than the detection limit of the analytical method; the absolute value of the negative number is the detection limit; a null (or empty cell) means not analyzed
F_pct_ALL,Short Text,255,"Fluorine, all values, in weight percent, and their analytical methods, from best method to least, concatenation",,,(text),BV_Ag_Mo,
FACIES_GRADE,Short Text,35,Metamorphic facies or grade as provided by the sample submitter,,,(text),"Geology, Geochem_BV",
Fe_AM,Short Text,20,"Total iron, analytical method used for ""best value"", abbreviation; see ANALYTIC_METHOD field of AnalyticMethod table for abbreviation definition",,,(text),BV_Ag_Mo,
Fe_pct,Number,Double,"Total iron, as ""best value"", in weight percent",-0.05,69.73,weight percent,"BV_Ag_Mo, Geochem_BV",Values ending in 0.11111 indicate that the element was measured at a concentration greater than the upper limit of determination for the analytical method; negative values indicate determinations less than the detection limit of the analytical method; the absolute value of the negative number is the detection limit; a null (or empty cell) means not analyzed
Fe_pct_ALL,Short Text,255,"Total iron, all values, in weight percent, and their analytical methods, from best method to least, concatenation",,,(text),BV_Ag_Mo,
Fe2O3_AM,Short Text,20,"Ferric iron, as iron trioxide, analytical method used for ""best value"", abbreviation; see ANALYTIC_METHOD field of AnalyticMethod table for abbreviation definition",,,(text),BV_Ag_Mo,
Fe2O3_pct,Number,Double,"Ferric iron, as iron trioxide, as ""best value"", in weight percent",0.51,23.17,weight percent,BV_Ag_Mo,A null (or empty cell) means not analyzed
Fe2O3_pct_ALL,Short Text,255,"Ferric iron, as iron trioxide, all values, in weight percent, and their analytical methods, from best method to least, concatenation",,,(text),BV_Ag_Mo,
FeO_AM,Short Text,20,"Ferrous iron, as ferrous oxide, analytical method used for ""best value"", abbreviation; see ANALYTIC_METHOD field of AnalyticMethod table for abbreviation definition",,,(text),BV_Ag_Mo,
FeO_pct,Number,Double,"Ferrous iron, as ferrous oxide, as ""best value"", in weight percent",-1.3,29.3,weight percent,BV_Ag_Mo,Negative values indicate determinations less than the detection limit of the analytical method; the absolute value of the negative number is the detection limit; a null (or empty cell) means not analyzed
FeO_pct_ALL,Short Text,255,"Ferrous iron, as ferrous oxide, all values, in weight percent, and their analytical methods, from best method to least, concatenation",,,(text),BV_Ag_Mo,
FID,AutoNumber,Long Integer,Feature identification is an ArcGID default autonumber unique identifier field,0,29780,count,SampleSites_MapService,
FIELD_COMMENT,Long Text,"65,535",Comment regarding field contents or format,,,(text),DataDictionary,
FIELD_DESC,Short Text,255,Description of field,,,(text),DataDictionary,
FIELD_ID,Short Text,16,"Field identifier assigned by the sample collector of sample submitted for analysis, possibly corrected by data renovator due to truncation of data entry, or to promote list sorting",,,(text),"Geology, Geochem_BV",
FIELD_MAX,Short Text,25,Maximum value entered in field,,,(text),DataDictionary,
FIELD_MIN,Short Text,25,Minimum value entered in field; negative value represents lower limit of detection of the analytical method used,,,(text),DataDictionary,
FIELD_NAME,Short Text,35,Field name populated in one or more tables of the National Geochemical Database on Ore Deposits: Legacy data,,,(text),DataDictionary (key),
FIELD_SIZE_FORMAT,Short Text,15,"Maximum number of characters, or format of data, that can be entered in field",,,(text),DataDictionary,
FIELD_TABLES,Short Text,"65,535",Table or tables containing field,,,(text),DataDictionary,
FIELD_TYPE,Short Text,15,Data type of field,,,(text),DataDictionary,
FIELD_UNIT,Short Text,50,Unit of measurement for reported value,,,(text),DataDictionary,
Ga_AM,Short Text,20,"Gallium, analytical method used for ""best value"", abbreviation; see ANALYTIC_METHOD field of AnalyticMethod table for abbreviation definition",,,(text),BV_Ag_Mo,
Ga_ppm,Number,Double,"Gallium, as ""best value"", in parts per million by weight",-50,601,parts per million,"BV_Ag_Mo, Geochem_BV",Negative values indicate determinations less than the detection limit of the analytical method; the absolute value of the negative number is the detection limit; a null (or empty cell) means not analyzed
Ga_ppm_ALL,Short Text,255,"Gallium, all values, in parts per million by weight, and their analytical methods, from best method to least, concatenation",,,(text),BV_Ag_Mo,
Gd_AM,Short Text,20,"Gadolinium, analytical method used for ""best value"", abbreviation; see ANALYTIC_METHOD field of AnalyticMethod table for abbreviation definition",,,(text),BV_Ag_Mo,
Gd_ppm,Number,Double,"Gadolinium, as ""best value"", in parts per million by weight",-50,9500,parts per million,"BV_Ag_Mo, Geochem_BV",Values ending in 0.11111 indicate that the element was measured at a concentration greater than the upper limit of determination for the analytical method; negative values indicate determinations less than the detection limit of the analytical method; the absolute value of the negative number is the detection limit; a null (or empty cell) means not analyzed
Gd_ppm_ALL,Short Text,255,"Gadolinium, all values, in parts per million by weight, and their analytical methods, from best method to least, concatenation",,,(text),BV_Ag_Mo,
Ge_AM,Short Text,20,"Germanium, analytical method used for ""best value"", abbreviation; see ANALYTIC_METHOD field of AnalyticMethod table for abbreviation definition",,,(text),BV_Ag_Mo,
Ge_ppm,Number,Double,"Germanium, as ""best value"", in parts per million by weight",-10,85,parts per million,"BV_Ag_Mo, Geochem_BV",Negative values indicate determinations less than the detection limit of the analytical method; the absolute value of the negative number is the detection limit; a null (or empty cell) means not analyzed
Ge_ppm_ALL,Short Text,255,"Germanium, all values, in parts per million by weight, and their analytical methods, from best method to least, concatenation",,,(text),BV_Ag_Mo,
GEOLOGIC_AGE,Short Text,60,Age or range of ages from the Geological Time Scale for the collected sample; follows USGS Geologic Map Lexicon where applicable,,,(text),"Geology, Geochem_BV",
GEOLOGIC_AGE_DEPOSIT,Short Text,255,Geologic age or age range of mineral deposit; from the Geologic Time Scale or radiometric age dates,,,(text),"Geology, Geochem_BV",
GEOLOGIC_AGE_HOST,Short Text,255,Geologic age or age range of mineral deposit host rock,,,(text),"Geology, Geochem_BV",
H2O_AM,Short Text,20,"Total water, analytical method used for ""best value"", abbreviation; see ANALYTIC_METHOD field of AnalyticMethod table for abbreviation definition",,,(text),BV_Ag_Mo,
H2O_pct,Number,Double,"Total water, as ""best value"", in weight percent",0.24,11.3,weight percent,BV_Ag_Mo,A null (or empty cell) means not analyzed
H2O_pct_ALL,Short Text,255,"Total water, all values, in weight percent, and their analytical methods, from best method to least, concatenation",,,(text),BV_Ag_Mo,
H2Ob_AM,Short Text,20,"Bound or essential water, analytical method used for ""best value"", abbreviation; see ANALYTIC_METHOD field of AnalyticMethod table for abbreviation definition",,,(text),BV_Ag_Mo,
H2Ob_pct,Number,Double,"Bound or essential water, as ""best value"", in weight percent",-0.05,11,weight percent,BV_Ag_Mo,Negative values indicate determinations less than the detection limit of the analytical method; the absolute value of the negative number is the detection limit; a null (or empty cell) means not analyzed
H2Ob_pct_ALL,Short Text,255,"Bound or essential water, all values, in weight percent, and their analytical methods, from best method to least, concatenation",,,(text),BV_Ag_Mo,
H2Om_AM,Short Text,20,"Moisture or nonessential water, analytical method used for ""best value"", abbreviation; see ANALYTIC_METHOD field of AnalyticMethod table for abbreviation definition",,,(text),BV_Ag_Mo,
H2Om_pct,Number,Double,"Moisture or nonessential water, as ""best value"", in weight percent",-0.05,10.7,weight percent,BV_Ag_Mo,Negative values indicate determinations less than the detection limit of the analytical method; the absolute value of the negative number is the detection limit; a null (or empty cell) means not analyzed
H2Om_pct_ALL,Short Text,255,"Moisture or nonessential water, all values, in weight percent, and their analytical methods, from best method to least, concatenation",,,(text),BV_Ag_Mo,
Hf_AM,Short Text,20,"Hafnium, analytical method used for ""best value"", abbreviation; see ANALYTIC_METHOD field of AnalyticMethod table for abbreviation definition",,,(text),BV_Ag_Mo,
Hf_ppm,Number,Double,"Hafnium, as ""best value"", in parts per million by weight",-100,84.4,parts per million,"BV_Ag_Mo, Geochem_BV",Negative values indicate determinations less than the detection limit of the analytical method; the absolute value of the negative number is the detection limit; a null (or empty cell) means not analyzed
Hf_ppm_ALL,Short Text,255,"Hafnium, all values, in parts per million by weight, and their analytical methods, from best method to least, concatenation",,,(text),BV_Ag_Mo,
Hg_AM,Short Text,20,"Mercury, analytical method used for ""best value"", abbreviation; see ANALYTIC_METHOD field of AnalyticMethod table for abbreviation definition",,,(text),BV_Ag_Mo,
Hg_ppm,Number,Double,"Mercury, as ""best value"", in parts per million by weight",-1000,618000,parts per million,"BV_Ag_Mo, Geochem_BV",Values ending in 0.11111 indicate that the element was measured at a concentration greater than the upper limit of determination for the analytical method; negative values indicate determinations less than the detection limit of the analytical method; the absolute value of the negative number is the detection limit; a null (or empty cell) means not analyzed
Hg_ppm_ALL,Short Text,255,"Mercury, all values, in parts per million by weight, and their analytical methods, from best method to least, concatenation",,,(text),BV_Ag_Mo,
Ho_AM,Short Text,20,"Holmium, analytical method used for ""best value"", abbreviation; see ANALYTIC_METHOD field of AnalyticMethod table for abbreviation definition",,,(text),BV_Ag_Mo,
Ho_ppm,Number,Double,"Holmium, as ""best value"", in parts per million by weight",-20,1604,parts per million,"BV_Ag_Mo, Geochem_BV",Negative values indicate determinations less than the detection limit of the analytical method; the absolute value of the negative number is the detection limit; a null (or empty cell) means not analyzed
Ho_ppm_ALL,Short Text,255,"Holmium, all values, in parts per million by weight, and their analytical methods, from best method to least, concatenation",,,(text),BV_Ag_Mo,
HOST_NAME,Short Text,255,Name of mineral deposit host rock,,,(text),"Geology, Geochem_BV",
HOST_ROCK_TYPE,Short Text,255,Rock type or description of mineral deposit host rock,,,(text),"Geology, Geochem_BV",
IGNEOUS_FORM,Short Text,25,An indication of the igneous setting from which the sample was collected,,,(text),"Geology, Geochem_BV",
In_AM,Short Text,20,"Indium, analytical method used for ""best value"", abbreviation; see ANALYTIC_METHOD field of AnalyticMethod table for abbreviation definition",,,(text),BV_Ag_Mo,
In_ppm,Number,Double,"Indium, as ""best value"", in parts per million by weight",-10,114,parts per million,"BV_Ag_Mo, Geochem_BV",Negative values indicate determinations less than the detection limit of the analytical method; the absolute value of the negative number is the detection limit; a null (or empty cell) means not analyzed
In_ppm_ALL,Short Text,255,"Indium, all values, in parts per million by weight, and their analytical methods, from best method to least, concatenation",,,(text),BV_Ag_Mo,
Ir_AM,Short Text,20,"Iridium, analytical method used for ""best value"", abbreviation; see ANALYTIC_METHOD field of AnalyticMethod table for abbreviation definition",,,(text),BV_Ag_Mo,
Ir_ppm,Number,Double,"Iridium, as ""best value"", in parts per million by weight",-0.1,-0.0005,parts per million,"BV_Ag_Mo, Geochem_BV",Negative values indicate determinations less than the detection limit of the analytical method; the absolute value of the negative number is the detection limit; a null (or empty cell) means not analyzed
Ir_ppm_ALL,Short Text,255,"Iridium, all values, in parts per million by weight, and their analytical methods, from best method to least, concatenation",,,(text),BV_Ag_Mo,
JOB_ID,Short Text,10,Laboratory batch identifier assigned by the Sample Control Officer of the analytical laboratory that received the samples as a batch; field is null when laboratory identifier is not known; from USGS NGDB for USGS data set samples,,,(text),"Geology, Geochem_BV",
K_AM,Short Text,20,"Potassium, analytical method used for ""best value"", abbreviation; see ANALYTIC_METHOD field of AnalyticMethod table for abbreviation definition",,,(text),BV_Ag_Mo,
K_pct,Number,Double,"Potassium, as ""best value"", in weight percent",-10,12.6,weight percent,"BV_Ag_Mo, Geochem_BV",Values ending in 11111 indicate that the element was measured at a concentration greater than the upper limit of determination for the analytical method; negative values indicate determinations less than the detection limit of the analytical method; the absolute value of the negative number is the detection limit; a null (or empty cell) means not analyzed
K_pct_ALL,Short Text,255,"Potassium, all values, in weight percent, and their analytical methods, from best method to least, concatenation",,,(text),BV_Ag_Mo,
La_AM,Short Text,20,"Lanthanum, analytical method used for ""best value"", abbreviation; see ANALYTIC_METHOD field of AnalyticMethod table for abbreviation definition",,,(text),BV_Ag_Mo,
La_ppm,Number,Double,"Lanthanum, as ""best value"", in parts per million by weight",-50,174300,parts per million,"BV_Ag_Mo, Geochem_BV",Values ending in 11111 indicate that the element was measured at a concentration greater than the upper limit of determination for the analytical method; negative values indicate determinations less than the detection limit of the analytical method; the absolute value of the negative number is the detection limit; a null (or empty cell) means not analyzed
La_ppm_ALL,Short Text,255,"Lanthanum, all values, in parts per million by weight, and their analytical methods, from best method to least, concatenation",,,(text),BV_Ag_Mo,
LAB_ID,Short Text,8,Unique identifier assigned to each submitted sample by the Sample Control Officer of the analytical laboratory that received the sample; field is null when laboratory identifier is not known; foreign key from USGS NGDB for USGS data set samples,,,(text),"Geology, Geochem_BV",
LAB_NAME,Short Text,25,"Abbreviated name of commercial laboratory, agency or organization that performed chemical analysis",,,(text),LabName (key); ChemData,
LAB_NAME_DESC,Short Text,255,"Description of laboratory, agency or organization that performed chemical analysis",,,(text),LabName,
LAT_WGS84,Number,Double,"Latitude coordinate of sample site, reported in decimal degrees in datum WGS84; from field ORIG_LATITUDE and ORIG_DATUM, transformed to datum WGS84 where necessary, also in shapefile",31.2698,59.9083,decimal degrees,"Geology, Geochem_BV, SampleSites_MapService",
Li_AM,Short Text,20,"Lithium, analytical method used for ""best value"", abbreviation; see ANALYTIC_METHOD field of AnalyticMethod table for abbreviation definition",,,(text),BV_Ag_Mo,
Li_ppm,Number,Double,"Lithium, as ""best value"", in parts per million by weight",-200,8850,parts per million,"BV_Ag_Mo, Geochem_BV",Negative values indicate determinations less than the detection limit of the analytical method; the absolute value of the negative number is the detection limit; a null (or empty cell) means not analyzed
Li_ppm_ALL,Short Text,255,"Lithium, all values, in parts per million by weight, and their analytical methods, from best method to least, concatenation",,,(text),BV_Ag_Mo,
LOCATE_DESC,Short Text,255,Geographic information relating to the location of the sample site,,,(text),"Geology, Geochem_BV",
LOI_AM,Short Text,20,"Loss on ignition, analytical method used for ""best value"", abbreviation; see ANALYTIC_METHOD field of AnalyticMethod table for abbreviation definition",,,(text),BV_Ag_Mo,
LOI_pct,Number,Double,"Loss on ignition, as ""best value"", in weight percent",-2.5,71,weight percent,BV_Ag_Mo,Negative values indicate determinations less than the detection limit of the analytical method; the absolute value of the negative number is the detection limit; a null (or empty cell) means not analyzed
LOI_pct_ALL,Short Text,255,"Loss on ignition, all values, in weight percent, and their analytical methods, from best method to least, concatenation",,,(text),BV_Ag_Mo,
LON_WGS84,Number,Double,"Longitude coordinate of sample site, reported in decimal degrees in datum WGS84; from field ORIG_LONGITUDE and ORIG_DATUM, transformed to datum WGS84 where necessary, also in shapefile",-155.3091,-68.4548,decimal degrees,"Geology, Geochem_BV, SampleSites_MapService",
Lu_AM,Short Text,20,"Lutetium, analytical method used for ""best value"", abbreviation; see ANALYTIC_METHOD field of AnalyticMethod table for abbreviation definition",,,(text),BV_Ag_Mo,
Lu_ppm,Number,Double,"Lutetium, as ""best value"", in parts per million by weight",-30,561,parts per million,"BV_Ag_Mo, Geochem_BV",Values ending in 11111 indicate that the element was measured at a concentration greater than the upper limit of determination for the analytical method; negative values indicate determinations less than the detection limit of the analytical method; the absolute value of the negative number is the detection limit; a null (or empty cell) means not analyzed
Lu_ppm_ALL,Short Text,255,"Lutetium, all values, in parts per million by weight, and their analytical methods, from best method to least, concatenation",,,(text),BV_Ag_Mo,
METAMORPHISM,Short Text,15,An indication of the type of metamorphic setting from which the rock was collected,,,(text),"Geology, Geochem_BV",
METHOD_COLLECTED,Short Text,15,"Sample collection method: Single/grab, composite, channel, etc.",,,(text),"Geology, Geochem_BV",
Mg_AM,Short Text,20,"Magnesium, analytical method used for ""best value"", abbreviation; see ANALYTIC_METHOD field of AnalyticMethod table for abbreviation definition",,,(text),BV_Ag_Mo,
Mg_pct,Number,Double,"Magnesium, as ""best value"", in weight percent",-0.1,17.4,weight percent,"BV_Ag_Mo, Geochem_BV",Negative values indicate determinations less than the detection limit of the analytical method; the absolute value of the negative number is the detection limit; a null (or empty cell) means not analyzed
Mg_pct_ALL,Short Text,255,"Magnesium, all values, in weight percent, and their analytical methods, from best method to least, concatenation",,,(text),BV_Ag_Mo,
MINE_NAME,Short Text,255,"Mine from which the sample was collected; from USMIN, MRDS or ARDF",,,(text),"Geology, Geochem_BV",
MINERALIZATION,Short Text,35,An indication of mineralization or mineralization types as provided by the sample submitter,,,(text),"Geology, Geochem_BV",
Mn_AM,Short Text,20,"Manganese, analytical method used for ""best value"", abbreviation; see ANALYTIC_METHOD field of AnalyticMethod table for abbreviation definition",,,(text),BV_Ag_Mo,
Mn_pct,Number,Double,"Manganese, as ""best value"", in weight percent",-0.1,53.3,weight percent,"BV_Ag_Mo, Geochem_BV",Values ending in 0.11111 or 0.51111 indicate that the element was measured at a concentration greater than the upper limit of determination for the analytical method; negative values indicate determinations less than the detection limit of the analytical method; the absolute value of the negative number is the detection limit; a null (or empty cell) means not analyzed
Mn_pct_ALL,Short Text,255,"Manganese, all values, in weight percent, and their analytical methods, from best method to least, concatenation",,,(text),BV_Ag_Mo,
Mo_AM,Short Text,20,"Molybdenum, analytical method used for ""best value"", abbreviation; see ANALYTIC_METHOD field of AnalyticMethod table for abbreviation definition",,,(text),BV_Ag_Mo,
Mo_ppm,Number,Double,"Molybdenum, as ""best value"", in parts per million by weight",-10,10000.11111,parts per million,"BV_Ag_Mo, Geochem_BV",Values ending in 0.11111 indicate that the element was measured at a concentration greater than the upper limit of determination for the analytical method; negative values indicate determinations less than the detection limit of the analytical method; the absolute value of the negative number is the detection limit; a null (or empty cell) means not analyzed
Mo_ppm_ALL,Short Text,255,"Molybdenum, all values, in parts per million by weight, and their analytical methods, from best method to least, concatenation",,,(text),BV_Ag_Mo,
Na_AM,Short Text,20,"Sodium, analytical method used for ""best value"", abbreviation; see ANALYTIC_METHOD field of AnalyticMethod table for abbreviation definition",,,(text),BV_Na_Zr,
Na_pct,Number,Double,"Sodium, as ""best value"", in weight percent",-0.2,7.47,weight percent,"BV_Na_Zr, Geochem_BV",Values ending in 0.11111 indicate that the element was measured at a concentration greater than the upper limit of determination for the analytical method; negative values indicate determinations less than the detection limit of the analytical method; the absolute value of the negative number is the detection limit; a null (or empty cell) means not analyzed
Na_pct_ALL,Short Text,255,"Sodium, all values, in weight percent, and their analytical methods, from best method to least, concatenation",,,(text),BV_Na_Zr,
Nb_AM,Short Text,20,"Niobium, analytical method used for ""best value"", abbreviation; see ANALYTIC_METHOD field of AnalyticMethod table for abbreviation definition",,,(text),BV_Na_Zr,
Nb_ppm,Number,Double,"Niobium, as ""best value"", in parts per million by weight",-25,8720,parts per million,"BV_Na_Zr, Geochem_BV",Values ending in 0.11111 indicate that the element was measured at a concentration greater than the upper limit of determination for the analytical method; negative values indicate determinations less than the detection limit of the analytical method; the absolute value of the negative number is the detection limit; a null (or empty cell) means not analyzed
Nb_ppm_ALL,Short Text,255,"Niobium, all values, in parts per million by weight, and their analytical methods, from best method to least, concatenation",,,(text),BV_Na_Zr,
Nd_AM,Short Text,20,"Neodymium, analytical method used for ""best value"", abbreviation; see ANALYTIC_METHOD field of AnalyticMethod table for abbreviation definition",,,(text),BV_Na_Zr,
Nd_ppm,Number,Double,"Neodymium, as ""best value"", in parts per million by weight",-70,161410,parts per million,"BV_Na_Zr, Geochem_BV",Values ending in 0.11111 indicate that the element was measured at a concentration greater than the upper limit of determination for the analytical method; negative values indicate determinations less than the detection limit of the analytical method; the absolute value of the negative number is the detection limit; a null (or empty cell) means not analyzed
Nd_ppm_ALL,Short Text,255,"Neodymium, all values, in parts per million by weight, and their analytical methods, from best method to least, concatenation",,,(text),BV_Na_Zr,
Ni_AM,Short Text,20,"Nickel, analytical method used for ""best value"", abbreviation; see ANALYTIC_METHOD field of AnalyticMethod table for abbreviation definition",,,(text),BV_Na_Zr,
Ni_ppm,Number,Double,"Nickel, as ""best value"", in parts per million by weight",-50,73900,parts per million,"BV_Na_Zr, Geochem_BV",Values ending in 0.11111 indicate that the element was measured at a concentration greater than the upper limit of determination for the analytical method; negative values indicate determinations less than the detection limit of the analytical method; the absolute value of the negative number is the detection limit; a null (or empty cell) means not analyzed
Ni_ppm_ALL,Short Text,255,"Nickel, all values, in parts per million by weight, and their analytical methods, from best method to least, concatenation",,,(text),BV_Na_Zr,
O_AM,Short Text,20,"Oxygen, analytical method used for ""best value"", abbreviation; see ANALYTIC_METHOD field of AnalyticMethod table for abbreviation definition",,,(text),BV_Na_Zr,
O_pct,Number,Double,"Oxygen, as ""best value"", in weight percent",-0.001,48.16,weight percent,BV_Na_Zr,Negative values indicate determinations less than the detection limit of the analytical method; the absolute value of the negative number is the detection limit; a null (or empty cell) means not analyzed
O_pct_ALL,Short Text,255,"Oxygen, all values, in weight percent, and their analytical methods, from best method to least, concatenation",,,(text),BV_Na_Zr,
ORIG_DATUM,Short Text,255,"Reference datum, when recorded, for geospatial coordinates ORIG_LATITUDE and ORIG_LONGITUDE, from original data source</attrdef>
<attrdefs>authors of the AGDB3 and NGDB",,,(text),"Geology, SampleSites_MapService",
ORIG_LATITUDE,Number,Double,"Latitude coordinate of sample site, from original data source, reported in decimal degrees; resolution is variable; ranges from 5-digit GPS precision to the SE corner of a 1:24,000 topographic base map",31.2698,59.9083,decimal degrees,"Geology, SampleSites_MapService",
ORIG_LONGITUDE,Number,Double,"Longitude coordinate of sample site, from original data source, reported in decimal degrees; resolution is variable; ranges from 5-digit GPS precision to the SE corner of a 1:24,000 topographic base map",-155.3091,-68.4553,decimal degrees,"Geology, SampleSites_MapService",
P_AM,Short Text,20,"Phosphorus, analytical method used for ""best value"", abbreviation; see ANALYTIC_METHOD field of AnalyticMethod table for abbreviation definition",,,(text),BV_Na_Zr,
P_pct,Number,Double,"Phosphorus, as ""best value"", in weight percent",-1,26.529,weight percent,"BV_Na_Zr, Geochem_BV",Values ending in 0.11111 indicate that the element was measured at a concentration greater than the upper limit of determination for the analytical method; negative values indicate determinations less than the detection limit of the analytical method; the absolute value of the negative number is the detection limit; a null (or empty cell) means not analyzed
P_pct_ALL,Short Text,255,"Phosphorus, all values, in weight percent, and their analytical methods, from best method to least, concatenation",,,(text),BV_Na_Zr,
PARAMETER,Short Text,25,"Chemical parameter that is a concatenation of SPECIES, UNITS, TECHNIQUE, DIGESTION, and sometimes DECOMPOSITION; from the ChemData table",,,(text),Parameter (key); ChemData,
PARAMETER_COUNT,Number,Long Integer,Total number of determinations of each chemical parameter,1,19485,count,Parameter,
PARAMETER_DESC,Short Text,255,"Description of chemical parameter key field codes where each chemical parameter is an abbreviated concatenation of SPECIES, UNITS, TECHNIQUE, DIGESTION, and sometimes DECOMPOSITION from the ChemData table",,,(text),Parameter,
Pb_AM,Short Text,20,"Lead, analytical method used for ""best value"", abbreviation; see ANALYTIC_METHOD field of AnalyticMethod table for abbreviation definition",,,(text),BV_Na_Zr,
Pb_ppm,Number,Double,"Lead, as ""best value"", in parts per million by weight",-60,872000,parts per million,"BV_Na_Zr, Geochem_BV",Values ending in 0.11111 indicate that the element was measured at a concentration greater than the upper limit of determination for the analytical method; negative values indicate determinations less than the detection limit of the analytical method; the absolute value of the negative number is the detection limit; a null (or empty cell) means not analyzed
Pb_ppm_ALL,Short Text,255,"Lead, all values, in parts per million by weight, and their analytical methods, from best method to least, concatenation",,,(text),BV_Na_Zr,
Pd_AM,Short Text,20,"Palladium, analytical method used for ""best value"", abbreviation; see ANALYTIC_METHOD field of AnalyticMethod table for abbreviation definition",,,(text),BV_Na_Zr,
Pd_ppm,Number,Double,"Palladium, as ""best value"", in parts per million by weight",-2,0.389,parts per million,"BV_Na_Zr, Geochem_BV",Negative values indicate determinations less than the detection limit of the analytical method; the absolute value of the negative number is the detection limit; a null (or empty cell) means not analyzed
Pd_ppm_ALL,Short Text,255,"Palladium, all values, in parts per million by weight, and their analytical methods, from best method to least, concatenation",,,(text),BV_Na_Zr,
Pr_AM,Short Text,20,"Praseodymium, analytical method used for ""best value"", abbreviation; see ANALYTIC_METHOD field of AnalyticMethod table for abbreviation definition",,,(text),BV_Na_Zr,
Pr_ppm,Number,Double,"Praseodymium, as ""best value"", in parts per million by weight",-100,40200,parts per million,"BV_Na_Zr, Geochem_BV",Values ending in 0.11111 indicate that the element was measured at a concentration greater than the upper limit of determination for the analytical method; negative values indicate determinations less than the detection limit of the analytical method; the absolute value of the negative number is the detection limit; a null (or empty cell) means not analyzed
Pr_ppm_ALL,Short Text,255,"Praseodymium, all values, in parts per million by weight, and their analytical methods, from best method to least, concatenation",,,(text),BV_Na_Zr,
PREV_JOB_ID_1,Short Text,20,First original NGDB batch number (JOB_ID) of a USGS resubmitted sample that has been given a new batch number upon resubmittal for further analysis; from USGS NGDB for some SACM_IDs,,,(text),"Geology, Geochem_BV",
PREV_LAB_ID_1,Short Text,20,First original NGDB LAB_ID of a USGS resubmitted sample that has been given a new lab number upon resubmittal for further analysis; from USGS NGDB for some SACM_IDs,,,(text),"Geology, Geochem_BV",
PRIMARY_CLASS,Short Text,30,Primary classification of sample media,,,(text),"Geology, Geochem_BV",
PROJECT_NAME,Short Text,50,"Project name or type, at times derived from a project account number, of work group funded for the collection and analysis of submitted samples",,,(text),"Geology, Geochem_BV",
Pt_AM,Short Text,20,"Platinum, analytical method used for ""best value"", abbreviation; see ANALYTIC_METHOD field of AnalyticMethod table for abbreviation definition",,,(text),BV_Na_Zr,
Pt_ppm,Number,Double,"Platinum, as ""best value"", in parts per million by weight",-0.01,0.18,parts per million,"BV_Na_Zr, Geochem_BV",Negative values indicate determinations less than the detection limit of the analytical method; the absolute value of the negative number is the detection limit; a null (or empty cell) means not analyzed
Pt_ppm_ALL,Short Text,255,"Platinum, all values, in parts per million by weight, and their analytical methods, from best method to least, concatenation",,,(text),BV_Na_Zr,
QUALIFIED_VALUE,Number,Double,"Numeric result; qualified so that DATA_VALUEs with associated QUALIFIERs '<', 'N' or 'L' are expressed as negative values, and DATA_VALUEs with associated QUALIFIERs '>' or 'G' end in '1111'; units are those of the field chosen as giving the best value",-9890,872000,(varies),ChemData,
QUALIFIER,Short Text,1,"Qualifying modifier for result; i.e., 'less than', 'greater than'; '<' and 'N' , 'L', and '>' and 'G'",,,(text),ChemData,"'<' and 'N' indicate ""not detected at the lower limit of determination; 'L' indicates ""detected at a value below the lower limit of determination; '>' and 'G' indicate ""detected above the upper limit of determination."
Rb_AM,Short Text,20,"Rubidium, analytical method used for ""best value"", abbreviation; see ANALYTIC_METHOD field of AnalyticMethod table for abbreviation definition",,,(text),BV_Na_Zr,
Rb_ppm,Number,Double,"Rubidium, as ""best value"", in parts per million by weight",-25,1927.5,parts per million,"BV_Na_Zr, Geochem_BV",Negative values indicate determinations less than the detection limit of the analytical method; the absolute value of the negative number is the detection limit; a null (or empty cell) means not analyzed
Rb_ppm_ALL,Short Text,255,"Rubidium, all values, in parts per million by weight, and their analytical methods, from best method to least, concatenation",,,(text),BV_Na_Zr,
Re_AM,Short Text,20,"Rhenium, analytical method used for ""best value"", abbreviation; see ANALYTIC_METHOD field of AnalyticMethod table for abbreviation definition",,,(text),BV_Na_Zr,
Re_ppm,Number,Double,"Rhenium, as ""best value"", in parts per million by weight",-50,21,parts per million,"BV_Na_Zr, Geochem_BV",Negative values indicate determinations less than the detection limit of the analytical method; the absolute value of the negative number is the detection limit; a null (or empty cell) means not analyzed
Re_ppm_ALL,Short Text,255,"Rhenium, all values, in parts per million by weight, and their analytical methods, from best method to least, concatenation",,,(text),BV_Na_Zr,
REF_AUTHORS,Short Text,255,Author(s) of analytical method publication,,,(text),Reference,
REF_CITATION,Long Text,"65,535",Bibliographic citation for publication of analytical data set; chapter or section of publication,,,(text),Reference,
REF_DATE_PUBL,Number,Long Integer,Year of publication of analytical data set,1945,2017,year,Reference,
REF_DEPOSIT_TYPE,Short Text,255,Mineral deposit type associated with analytical data set,,,(text),Reference,
REF_LINK,Hyperlink,n/a,"URL or DOI of data publication, if available",,,(text),Reference,
REF_LOCALE,Short Text,255,Geographic information relating to the location of the samples,,,(text),Reference,
REF_NGDB,Short Text,255,Indication whether samples are in the USGS National Geochemical Database,,,(text),Reference,
REF_SAMPLES,Number,Long Integer,Number of samples associated with analytical data set,1,10938,count,Reference,
REF_SHORT_NAME,Short Text,255,"Identifier for source of data; database, publication, individual; sometimes includes year of publication or data provision",,,(text),"Reference (key), Geology, Geochem_BV",
REF_STATE,Short Text,255,State or states from where the sample was collected,,,(text),Reference,
REF_SUBMITTER,Short Text,255,Name of scientist who provided the data set to the project,,,(text),Reference,
REF_SYSTEM,Short Text,255,Mineral system type associated with analytical data set,,,(text),Reference,
REF_TITLE,Short Text,255,Title of publication of analytical data set,,,(text),Reference,
Rh_AM,Short Text,20,"Rhodium, analytical method used for ""best value"", abbreviation; see ANALYTIC_METHOD field of AnalyticMethod table for abbreviation definition",,,(text),BV_Na_Zr,
Rh_ppm,Number,Double,"Rhodium, as ""best value"", in parts per million by weight",-0.001,-0.0005,parts per million,"BV_Na_Zr, Geochem_BV",Negative values indicate determinations less than the detection limit of the analytical method; the absolute value of the negative number is the detection limit; a null (or empty cell) means not analyzed
Rh_ppm_ALL,Short Text,255,"Rhodium, all values, in parts per million by weight, and their analytical methods, from best method to least, concatenation",,,(text),BV_Na_Zr,
Ru_AM,Short Text,20,"Ruthenium, analytical method used for ""best value"", abbreviation; see ANALYTIC_METHOD field of AnalyticMethod table for abbreviation definition",,,(text),BV_Na_Zr,
Ru_ppm,Number,Double,"Ruthenium, as ""best value"", in parts per million by weight",-0.001,0.0066,parts per million,"BV_Na_Zr, Geochem_BV",Negative values indicate determinations less than the detection limit of the analytical method; the absolute value of the negative number is the detection limit; a null (or empty cell) means not analyzed
Ru_ppm_ALL,Short Text,255,"Ruthenium, all values, in parts per million by weight, and their analytical methods, from best method to least, concatenation",,,(text),BV_Na_Zr,
S_AM,Short Text,20,"Total sulfur, analytical method used for ""best value"", abbreviation; see ANALYTIC_METHOD field of AnalyticMethod table for abbreviation definition",,,(text),BV_Na_Zr,
S_pct,Number,Double,"Total sulfur, as ""best value"", in weight percent",-10,55.36,weight percent,"BV_Na_Zr, Geochem_BV",Values ending in 0.11111 indicate that the element was measured at a concentration greater than the upper limit of determination for the analytical method; negative values indicate determinations less than the detection limit of the analytical method; the absolute value of the negative number is the detection limit; a null (or empty cell) means not analyzed
S_pct_ALL,Short Text,255,"Total sulfur, all values, in weight percent, and their analytical methods, from best method to least, concatenation",,,(text),BV_Na_Zr,
SACM_ID,AutoNumber,Long Integer,Unique identifier assigned to each sample entered in the database by the database architect,1,34350,count,"Geology (key), BV_Ag_Mo (key), BV_Na_Zr (key), Geochem_BV (key), ChemData, SampleSites_MapService",
SAMPLE_COMMENT_LT,Long Text,"65,535","Attribute used to modify PRIMARY_CLASS, SECONDARY_CLASS, or SPECIFIC_NAME; long text field; data are not derived from sample data values",,,(text),"Geology, Geochem_BV",
SAMPLE_COMMENT_ST,Short Text,255,"Attribute used to modify PRIMARY_CLASS, SECONDARY_CLASS, or SPECIFIC_NAME; short text field; data are not derived from sample data values",,,(text),"Geology, Geochem_BV",
SAMPLE_SOURCE,Short Text,40,Physical setting or environment from which the sample was collected,,,(text),"Geology, Geochem_BV",
Sb_AM,Short Text,20,"Antimony, analytical method used for ""best value"", abbreviation; see ANALYTIC_METHOD field of AnalyticMethod table for abbreviation definition",,,(text),BV_Na_Zr,
Sb_ppm,Number,Double,"Antimony, as ""best value"", in parts per million by weight",-200,549000,parts per million,"BV_Na_Zr, Geochem_BV",Values ending in 0.11111 indicate that the element was measured at a concentration greater than the upper limit of determination for the analytical method; negative values indicate determinations less than the detection limit of the analytical method; the absolute value of the negative number is the detection limit; a null (or empty cell) means not analyzed
Sb_ppm_ALL,Short Text,255,"Antimony, all values, in parts per million by weight, and their analytical methods, from best method to least, concatenation",,,(text),BV_Na_Zr,
Sc_AM,Short Text,20,"Scandium, analytical method used for ""best value"", abbreviation; see ANALYTIC_METHOD field of AnalyticMethod table for abbreviation definition",,,(text),BV_Na_Zr,
Sc_ppm,Number,Double,"Scandium, as ""best value"", in parts per million by weight",-10,261,parts per million,"BV_Na_Zr, Geochem_BV",Values ending in 0.11111 indicate that the element was measured at a concentration greater than the upper limit of determination for the analytical method; negative values indicate determinations less than the detection limit of the analytical method; the absolute value of the negative number is the detection limit; a null (or empty cell) means not analyzed
Sc_ppm_ALL,Short Text,255,"Scandium, all values, in parts per million by weight, and their analytical methods, from best method to least, concatenation",,,(text),BV_Na_Zr,
Se_AM,Short Text,20,"Selenium, analytical method used for ""best value"", abbreviation; see ANALYTIC_METHOD field of AnalyticMethod table for abbreviation definition",,,(text),BV_Na_Zr,
Se_ppm,Number,Double,"Selenium, as ""best value"", in parts per million by weight",-500,687,parts per million,"BV_Na_Zr, Geochem_BV",Negative values indicate determinations less than the detection limit of the analytical method; the absolute value of the negative number is the detection limit; a null (or empty cell) means not analyzed
Se_ppm_ALL,Short Text,255,"Selenium, all values, in parts per million by weight, and their analytical methods, from best method to least, concatenation",,,(text),BV_Na_Zr,
SECONDARY_CLASS,Short Text,20,Secondary classification or subclass of rock sample media; attribute of PRIMARY_CLASS; is NULL for mineral samples,,,(text),"Geology, Geochem_BV",
Si_AM,Short Text,20,"Silicon, analytical method used for ""best value"", abbreviation; see ANALYTIC_METHOD field of AnalyticMethod table for abbreviation definition",,,(text),BV_Na_Zr,
Si_pct,Number,Double,"Silicon, as ""best value"", in weight percent",-15,46.3,weight percent,"BV_Na_Zr, Geochem_BV",Values ending in 0.11111 indicate that the element was measured at a concentration greater than the upper limit of determination for the analytical method; negative values indicate determinations less than the detection limit of the analytical method; the absolute value of the negative number is the detection limit; a null (or empty cell) means not analyzed
Si_pct_ALL,Short Text,255,"Silicon, all values, in weight percent, and their analytical methods, from best method to least, concatenation",,,(text),BV_Na_Zr,
Sm_AM,Short Text,20,"Samarium, analytical method used for ""best value"", abbreviation; see ANALYTIC_METHOD field of AnalyticMethod table for abbreviation definition",,,(text),BV_Na_Zr,
Sm_ppm,Number,Double,"Samarium, as ""best value"", in parts per million by weight",-100,14900,parts per million,"BV_Na_Zr, Geochem_BV",Values ending in 0.11111 indicate that the element was measured at a concentration greater than the upper limit of determination for the analytical method; negative values indicate determinations less than the detection limit of the analytical method; the absolute value of the negative number is the detection limit; a null (or empty cell) means not analyzed
Sm_ppm_ALL,Short Text,255,"Samarium, all values, in parts per million by weight, and their analytical methods, from best method to least, concatenation",,,(text),BV_Na_Zr,
Sn_AM,Short Text,20,"Tin, analytical method used for ""best value"", abbreviation; see ANALYTIC_METHOD field of AnalyticMethod table for abbreviation definition",,,(text),BV_Na_Zr,
Sn_ppm,Number,Double,"Tin, as ""best value"", in parts per million by weight",-300,10000.11111,parts per million,"BV_Na_Zr, Geochem_BV",Values ending in 0.11111 indicate that the element was measured at a concentration greater than the upper limit of determination for the analytical method; negative values indicate determinations less than the detection limit of the analytical method; the absolute value of the negative number is the detection limit; a null (or empty cell) means not analyzed
Sn_ppm_ALL,Short Text,255,"Tin, all values, in parts per million by weight, and their analytical methods, from best method to least, concatenation",,,(text),BV_Na_Zr,
SO3_AM,Short Text,20,"Sulfite (sulfur trioxide), in weight percent, may actually be sulfur expressed as SO3, analytical method used for ""best value"", abbreviation; see ANALYTIC_METHOD field of AnalyticMethod table for abbreviation definition",,,(text),BV_Na_Zr,
SO3_pct,Number,Double,"Sulfite (sulfur trioxide), in weight percent, may actually be sulfur expressed as SO3, by combustion and infrared detector, as ""best value""",0.1,9.1,weight percent,BV_Na_Zr,A null (or empty cell) means not analyzed
SO3_pct_ALL,Short Text,255,"Sulfite (sulfur trioxide), all values, in weight percent, may actually be sulfur expressed as SO3, and their analytical methods, from best method to least, concatenation",,,(text),BV_Na_Zr,
SO4_AM,Short Text,20,"Sulfate, acid soluble, analytical method used for ""best value"", abbreviation; see ANALYTIC_METHOD field of AnalyticMethod table for abbreviation definition",,,(text),BV_Na_Zr,
SO4_pct,Number,Double,"Sulfate, acid soluble, as ""best value"", in weight percent",-0.3,25.3,weight percent,BV_Na_Zr,Negative values indicate determinations less than the detection limit of the analytical method; the absolute value of the negative number is the detection limit; a null (or empty cell) means not analyzed
SO4_pct_ALL,Short Text,255,"Sulfate, acid soluble, all values, in weight percent, and their analytical methods, from best method to least, concatenation",,,(text),BV_Na_Zr,
SPECIES,Short Text,12,Chemical attribute symbol or abbreviation that has a data value associated with it,,,(text),ChemData,
SPECIFIC_NAME,Short Text,30,Specific name for the rock or mineral sample collected; attribute of PRIMARY_CLASS and/or SECONDARY_CLASS; most names are well documented and their descriptions can be found elsewhere,,,(text),"Geology, Geochem_BV",
Sr_AM,Short Text,20,"Strontium, analytical method used for ""best value"", abbreviation; see ANALYTIC_METHOD field of AnalyticMethod table for abbreviation definition",,,(text),BV_Na_Zr,
Sr_ppm,Number,Double,"Strontium, as ""best value"", in parts per million by weight",-100,139500,parts per million,"BV_Na_Zr, Geochem_BV",Values ending in 0.11111 indicate that the element was measured at a concentration greater than the upper limit of determination for the analytical method; negative values indicate determinations less than the detection limit of the analytical method; the absolute value of the negative number is the detection limit; a null (or empty cell) means not analyzed
Sr_ppm_ALL,Short Text,255,"Strontium, all values, in parts per million by weight, and their analytical methods, from best method to least, concatenation",,,(text),BV_Na_Zr,
Sred_AM,Short Text,20,"Reduced sulfur, calculated as the difference between SO4 calculated from total sulfur and SO4 analyzed directly by CB_IRC, analytical method used for ""best value"", abbreviation; see ANALYTIC_METHOD field of AnalyticMethod table for abbreviation definition",,,(text),BV_Na_Zr,
Sred_pct,Number,Double,"Reduced sulfur, calculated as the difference between SO4 calculated from total sulfur and SO4 analyzed directly by CB_IRC, as ""best value"", in weight percent",-0.01,0.78,weight percent,BV_Na_Zr,
Sred_pct_ALL,Short Text,255,"Reduced sulfur, calculated as the difference between SO4 calculated from total sulfur and SO4 analyzed directly by CB_IRC, all values, in weight percent, and their analytical methods, from best method to least, concatenation",,,(text),BV_Na_Zr,
STATE,Short Text,2,2-character abbreviation of state from where the sample was collected,,,(text),"Geology, Geochem_BV",
STRATIGRAPHY,Short Text,255,"Name of the stratigraphic unit from which the sample was collected; provided by submitter; may represent either a formal name, an informal name, or geologic map unit abbreviation; follows USGS Geologic Map Lexicon where applicable",,,(text),"Geology, Geochem_BV",
SUBMITTER,Short Text,75,"Name of the individual(s), agencies or corporations that submitted the sample in a batch to the laboratory for analysis; not necessarily the sample collector",,,(text),"Geology, Geochem_BV",
SYSTEM_TYPE,Short Text,255,Mineral system type associated with sample,,,(text),"Geology, Geochem_BV",
Ta_AM,Short Text,20,"Tantalum, analytical method used for ""best value"", abbreviation; see ANALYTIC_METHOD field of AnalyticMethod table for abbreviation definition",,,(text),BV_Na_Zr,
Ta_ppm,Number,Double,"Tantalum, as ""best value"", in parts per million by weight",-500,108,parts per million,"BV_Na_Zr, Geochem_BV",Negative values indicate determinations less than the detection limit of the analytical method; the absolute value of the negative number is the detection limit; a null (or empty cell) means not analyzed
Ta_ppm_ALL,Short Text,255,"Tantalum, all values, in parts per million by weight, and their analytical methods, from best method to least, concatenation",,,(text),BV_Na_Zr,
Tb_AM,Short Text,20,"Terbium, analytical method used for ""best value"", abbreviation; see ANALYTIC_METHOD field of AnalyticMethod table for abbreviation definition",,,(text),BV_Na_Zr,
Tb_ppm,Number,Double,"Terbium, as ""best value"", in parts per million by weight",-300,1166,parts per million,"BV_Na_Zr, Geochem_BV",Negative values indicate determinations less than the detection limit of the analytical method; the absolute value of the negative number is the detection limit; a null (or empty cell) means not analyzed
Tb_ppm_ALL,Short Text,255,"Terbium, all values, in parts per million by weight, and their analytical methods, from best method to least, concatenation",,,(text),BV_Na_Zr,
Te_AM,Short Text,20,"Tellurium, analytical method used for ""best value"", abbreviation; see ANALYTIC_METHOD field of AnalyticMethod table for abbreviation definition",,,(text),BV_Na_Zr,
Te_ppm,Number,Double,"Tellurium, as ""best value"", in parts per million by weight",-2000,588000,parts per million,"BV_Na_Zr, Geochem_BV",Values ending in 0.11111 indicate that the element was measured at a concentration greater than the upper limit of determination for the analytical method; negative values indicate determinations less than the detection limit of the analytical method; the absolute value of the negative number is the detection limit; a null (or empty cell) means not analyzed
Te_ppm_ALL,Short Text,255,"Tellurium, all values, in parts per million by weight, and their analytical methods, from best method to least, concatenation",,,(text),BV_Na_Zr,
TECHNIQUE,Short Text,5,Abbreviation of analytical method used to analyze the sample,,,(text),ChemData,
Th_AM,Short Text,20,"Thorium, analytical method used for ""best value"", abbreviation; see ANALYTIC_METHOD field of AnalyticMethod table for abbreviation definition",,,(text),BV_Na_Zr,
Th_ppm,Number,Double,"Thorium, as ""best value"", in parts per million by weight",-510,60300,parts per million,"BV_Na_Zr, Geochem_BV",Values ending in 0.11111 indicate that the element was measured at a concentration greater than the upper limit of determination for the analytical method; negative values indicate determinations less than the detection limit of the analytical method; the absolute value of the negative number is the detection limit; a null (or empty cell) means not analyzed
Th_ppm_ALL,Short Text,255,"Thorium, all values, in parts per million by weight, and their analytical methods, from best method to least, concatenation",,,(text),BV_Na_Zr,
Ti_AM,Short Text,20,"Titanium, analytical method used for ""best value"", abbreviation; see ANALYTIC_METHOD field of AnalyticMethod table for abbreviation definition",,,(text),BV_Na_Zr,
Ti_pct,Number,Double,"Titanium, as ""best value"", in weight percent",-0.05,45,weight percent,"BV_Na_Zr, Geochem_BV",Values ending in 0.11111 indicate that the element was measured at a concentration greater than the upper limit of determination for the analytical method; negative values indicate determinations less than the detection limit of the analytical method; the absolute value of the negative number is the detection limit; a null (or empty cell) means not analyzed
Ti_pct_ALL,Short Text,255,"Titanium, all values, in weight percent, and their analytical methods, from best method to least, concatenation",,,(text),BV_Na_Zr,
Tl_AM,Short Text,20,"Thallium, analytical method used for ""best value"", abbreviation; see ANALYTIC_METHOD field of AnalyticMethod table for abbreviation definition",,,(text),BV_Na_Zr,
Tl_ppm,Number,Double,"Thallium, as ""best value"", in parts per million by weight",-100,72480,parts per million,"BV_Na_Zr, Geochem_BV",Negative values indicate determinations less than the detection limit of the analytical method; the absolute value of the negative number is the detection limit; a null (or empty cell) means not analyzed
Tl_ppm_ALL,Short Text,255,"Thallium, all values, in parts per million by weight, and their analytical methods, from best method to least, concatenation",,,(text),BV_Na_Zr,
Tm_AM,Short Text,20,"Thulium, analytical method used for ""best value"", abbreviation; see ANALYTIC_METHOD field of AnalyticMethod table for abbreviation definition",,,(text),BV_Na_Zr,
Tm_ppm,Number,Double,"Thulium, as ""best value"", in parts per million by weight",-20,632,parts per million,"BV_Na_Zr, Geochem_BV",Negative values indicate determinations less than the detection limit of the analytical method; the absolute value of the negative number is the detection limit; a null (or empty cell) means not analyzed
Tm_ppm_ALL,Short Text,255,"Thulium, all values, in parts per million by weight, and their analytical methods, from best method to least, concatenation",,,(text),BV_Na_Zr,
U_AM,Short Text,20,"Uranium, analytical method used for ""best value"", abbreviation; see ANALYTIC_METHOD field of AnalyticMethod table for abbreviation definition",,,(text),BV_Na_Zr,
U_ppm,Number,Double,"Uranium, as ""best value"", in parts per million by weight",-500,252000,parts per million,"BV_Na_Zr, Geochem_BV",Values ending in 0.11111 indicate that the element was measured at a concentration greater than the upper limit of determination for the analytical method; negative values indicate determinations less than the detection limit of the analytical method; the absolute value of the negative number is the detection limit; a null (or empty cell) means not analyzed
U_ppm_ALL,Short Text,255,"Uranium, all values, in parts per million by weight, and their analytical methods, from best method to least, concatenation",,,(text),BV_Na_Zr,
UNITS,Short Text,12,Units of concentration or measurement in which the DATA_VALUE is expressed,,,(text),ChemData,
V_AM,Short Text,20,"Vanadium, analytical method used for ""best value"", abbreviation; see ANALYTIC_METHOD field of AnalyticMethod table for abbreviation definition",,,(text),BV_Na_Zr,
V_ppm,Number,Double,"Vanadium, as ""best value"", in parts per million by weight",-10,37000,parts per million,"BV_Na_Zr, Geochem_BV",Values ending in 0.11111 indicate that the element was measured at a concentration greater than the upper limit of determination for the analytical method; negative values indicate determinations less than the detection limit of the analytical method; the absolute value of the negative number is the detection limit; a null (or empty cell) means not analyzed
V_ppm_ALL,Short Text,255,"Vanadium, all values, in parts per million by weight, and their analytical methods, from best method to least, concatenation",,,(text),BV_Na_Zr,
W_AM,Short Text,20,"Tungsten, analytical method used for ""best value"", abbreviation; see ANALYTIC_METHOD field of AnalyticMethod table for abbreviation definition",,,(text),BV_Na_Zr,
W_ppm,Number,Double,"Tungsten, as ""best value"", in parts per million by weight",-100,10000,parts per million,"BV_Na_Zr, Geochem_BV",Values ending in 0.11111 indicate that the element was measured at a concentration greater than the upper limit of determination for the analytical method; negative values indicate determinations less than the detection limit of the analytical method; the absolute value of the negative number is the detection limit; a null (or empty cell) means not analyzed
W_ppm_ALL,Short Text,255,"Tungsten, all values, in parts per million by weight, and their analytical methods, from best method to least, concatenation",,,(text),BV_Na_Zr,
Y_AM,Short Text,20,"Yttrium, analytical method used for ""best value"", abbreviation; see ANALYTIC_METHOD field of AnalyticMethod table for abbreviation definition",,,(text),BV_Na_Zr,
Y_ppm,Number,Double,"Yttrium, as ""best value"", in parts per million by weight",-10,41292,parts per million,"BV_Na_Zr, Geochem_BV",Values ending in 0.11111 indicate that the element was measured at a concentration greater than the upper limit of determination for the analytical method; negative values indicate determinations less than the detection limit of the analytical method; the absolute value of the negative number is the detection limit; a null (or empty cell) means not analyzed
Y_ppm_ALL,Short Text,255,"Yttrium, all values, in parts per million by weight, and their analytical methods, from best method to least, concatenation",,,(text),BV_Na_Zr,
Yb_AM,Short Text,20,"Ytterbium, analytical method used for ""best value"", abbreviation; see ANALYTIC_METHOD field of AnalyticMethod table for abbreviation definition",,,(text),BV_Na_Zr,
Yb_ppm,Number,Double,"Ytterbium, as ""best value"", in parts per million by weight",-5,3934,parts per million,"BV_Na_Zr, Geochem_BV",Values ending in 0.11111 indicate that the element was measured at a concentration greater than the upper limit of determination for the analytical method; negative values indicate determinations less than the detection limit of the analytical method; the absolute value of the negative number is the detection limit; a null (or empty cell) means not analyzed
Yb_ppm_ALL,Short Text,255,"Ytterbium, all values, in parts per million by weight, and their analytical methods, from best method to least, concatenation",,,(text),BV_Na_Zr,
Zn_AM,Short Text,20,"Zinc, analytical method used for ""best value"", abbreviation; see ANALYTIC_METHOD field of AnalyticMethod table for abbreviation definition",,,(text),BV_Na_Zr,
Zn_ppm,Number,Double,"Zinc, as ""best value"", in parts per million by weight",-200,661000,parts per million,"BV_Na_Zr, Geochem_BV",Values ending in 0.11111 indicate that the element was measured at a concentration greater than the upper limit of determination for the analytical method; negative values indicate determinations less than the detection limit of the analytical method; the absolute value of the negative number is the detection limit; a null (or empty cell) means not analyzed
Zn_ppm_ALL,Short Text,255,"Zinc, all values, in parts per million by weight, and their analytical methods, from best method to least, concatenation",,,(text),BV_Na_Zr,
Zr_AM,Short Text,20,"Zirconium, analytical method used for ""best value"", abbreviation; see ANALYTIC_METHOD field of AnalyticMethod table for abbreviation definition",,,(text),BV_Na_Zr,
Zr_ppm,Number,Double,"Zirconium, as ""best value"", in parts per million by weight",-50,8620,parts per million,"BV_Na_Zr, Geochem_BV",Values ending in 0.11111 indicate that the element was measured at a concentration greater than the upper limit of determination for the analytical method; negative values indicate determinations less than the detection limit of the analytical method; the absolute value of the negative number is the detection limit; a null (or empty cell) means not analyzed
Zr_ppm_ALL,Short Text,255,"Zirconium, all values, in parts per million by weight, and their analytical methods, from best method to least, concatenation",,,(text),BV_Na_Zr,
