REF_SHORT_NAME,REF_SUBMITTER,REF_LINK,REF_STATE,REF_LOCALE,REF_SAMPLES,REF_NGDB,REF_SYSTEM,REF_DEPOSIT_TYPE,REF_CITATION,REF_DATE_PUBL,REF_TITLE,REF_AUTHORS
ACM_2020,"Wintzer, Niki E.",,Idaho,"CuMo deposit, Boise Co.",10938,NO,Porphry Cu-Mo-Au,Porphyry Cu-Mo,"Wintzer, Niki E., unpublished industry data provided by Shaun Dykes, American CuMo Mining Corporation.",,,
Anderson_2017,"Andersen, Allen K.",https://doi.org/10.1016/j.oregeoref.2017.06.025,Wyoming,"Bear Lodge alkaline complex, Crook Co.",25,NO,Magmatic REE,Carbonatite,"Anderson, Allen K., Clark, James G., Larson, Peter B., and Donovan, John J., 2017, REE fractionation, mineral speciation, and supergene enrichment of the Bear Lodge carbonatites, Wyoming, USA: Ore Geology Reviews, vol. 89, pp. 780-807, accessed May 21, 2021 at https://doi.org/10.1016/j.oregeorev.2017.06.025.",2017,"REE fractionation, mineral speciation, and supergene enrichment of the Bear Lodge carbonatites, Wyoming, USA","Anderson, Allen K., Clark, James G., Larson, Peter B., and Donovan, John J."
Ashley_1991,"Hofstra, Albert H.",https://doi.org/10.3133/ofr91614,Nevada,"Goldfield mining district, Esmeralda Co.",140,NO,Porphyry Cu-Mo-Au,High sulfidation Au-Ag,"Ashley, Roger P., and Snow, Geoffrey G., 1991, Geochemical data for gold-bearing rocks from the Goldfield mining district, Nevada: U.S. Geological Survey Open-File Report 91-614, 19 p., accessed May 21, 2021 at https://doi.org/10.3133/ofr91614.",1991,"Geochemical data for gold-bearing rocks from the Goldfield mining district, Nevada","Ashley, Roger P., and Snow, Geoffrey G."
Bakken_1990,"Hofstra, Albert H.",https://searchworks.stanford.edu/view/1365831,Nevada,"Main orebody, Carlin mine, Eureka Co.",82,NO,Carlin-type,Au,"Bakken, Barbara M., 1990, Gold Mineralization, wall-rock alteration, and the geochemical evolution of the hydrothermal system in the main orebody, Carlin mine, Nevada: Palo Alto, Stanford University, Ph.D dissertation, 236 p., accessed May 21, 2021 at https://searchworks.stanford.edu/view/1365831.",1990,"Gold Mineralization, wall-rock alteration, and the geochemical evolution of the hydrothermal system in the main orebody, Carlin mine, Nevada","Bakken, Barbara M."
Balogh_2016,"Vikre, Peter",https://data.nbmg.unr.edu/public/CREG/StudentTheses/Balogh_PattersonMiningDistrict_Final_MS2016.pdf,California-Nevada,"Patterson mining district, Lyon Co. and Mono Co.",72,NO,Alkalic porphyry,Low sulfidation Au-Ag,"Balogh, Carli H., 2016, Tertiary Volcanic Rocks, Hydrothermal Alteration, and Epithermal Precious Metal Deposits of the Patterson Mining District, Sweetwater Mountains, Mono County, California and Lyon County, Nevada: Reno, University of Nevada, M.S. thesis, 135 p., accessed May 21, 2021 at https://data.nbmg.unr.edu/public/CREG/StudentTheses/Balogh_PattersonMiningDistrict_Final_MS2016.pdf.",2016,"Tertiary Volcanic Rocks, Hydrothermal Alteration, and Epithermal Precious Metal
Deposits of the Patterson Mining District, Sweetwater Mountains, Mono County,
California and Lyon County, Nevada",Balogh_2016
Bergbower_2015,"Hofstra, Albert H.",,Illinois-Kentucky,Illinois-Kentucky fluorspar district,697,NO,Hybrid magmatic REE / basin brine path,Fluorspar,"Bergbower, Joshua N., 2015, Trace and rare earth element chemistry of fluorite from the Illinois-Kentucky Fluorspar District and its implications for the origins of mineralizing fluids: University of Cincinnati, Masters dissertation, 90 p.",2015,Trace and rare earth element chemistry of fluorite from the Illinois-Kentucky Fluorspar District and its implications for the origins of mineralizing fluids,"Bergbower, Joshua N."
Berry_1992,"Hofstra, Albert H.",http://www.nbmg.unr.edu/Maps&Data/NVGeologyTheses.html,Nevada,"Betze gold deposit, Eureka Co.",364,NO,Carlin-type,Au,"Berry, Alan R., 1992, A geological study of the Betze gold deposit, Eureka County, Nevada: Reno, University of Nevada, Reno, Masters dissertation, 173 p., accessed May 21, 2021, at http://www.nbmg.unr.edu/Maps&Data/NVGeologyTheses.html.",1992,"A geological study of the Betze gold deposit, Eureka County, Nevada: University of Nevada","Berry, Alan R."
Cail_1999,"Hofstra, Albert H.",,Nevada,"Getchell Carlin-type gold deposit, north-central Nevada",58,NO,Carlin-type,Au,"Cail, Tracy P., 1999, Alteration associated with gold deposition at the Getchell Carlin-type gold deposit, north-central Nevada: Las Vegas, University of Nevada, Las Vegas, Masters dissertation, 183 p.",1999,"Alteration associated with gold deposition at the Getchell Carlin-type gold deposit, north-central Nevada","Cail, Tracy P."
Cassinerio_2010,"Hofstra, Albert H.",https://scholarworks.unr.edu/handle/11714/4333,Nevada,"Turquoise Ridge deposit, Getchell district",171,NO,Carlin-type,Au,"Cassinerio, Michael D., 2010, Patterns of Lithology, Structure, Alteration, Trace Elements, Carbonate Mineralogy, and Stable Isotopes around High-Grade Carlin-type Gold Deposits: Turquoise Ridge Deposit, Getchell District, Nevada: Reno, University of Nevada, M.S. thesis, 230 p., accessed May 21, 2021 at https://scholarworks.unr.edu/handle/11714/4333.",2010,"Patterns of Lithology, Structure, Alteration, Trace Elements, Carbonate Mineralogy, and Stable Isotopes around High-Grade Carlin-type Gold Deposits: Turquoise Ridge Deposit, Getchell District, Nevada","Cassinerio, Michael D."
Castor_2020,"Hofstra, Albert H.",https://doi.org/10.3390/min10010068,Nevada,McDermitt caldera,21,NO,Lacustrine evaporite,Li-clay,"Castor, Stephen B., and Henry, Christopher D., 2020, Lithium-Rich Claystone in the McDermitt Caldera, Nevada, USA: Geologic, Mineralogical, and Geochemical Characteristics and Possible Origin: Minerals, vol. 10, no. 68, 38 p., accessed May 21, 2021 at https://doi.org/10.3390/min10010068.",2020,"Lithium-Rich Claystone in the McDermitt Caldera, Nevada, USA: Geologic, Mineralogical, and Geochemical Characteristics and Possible Origin","Castor, Stephen B., and Henry, Christopher D."
Chaffee_2019,"Hofstra, Albert H.",https://doi.org/10.3133/sir20195077,Arizona,"Red Mountain deposit, Santa Cruz Co.",944,YES,Porphyry Cu-Mo-Au,Porphyry Cu or High sulfidation Au-Ag,"Chaffee, Maurice A., 2019, Geochemical and Mineralogical Study of the Red Mountain Porphyry Copper-Molybdenum Deposit and Vicinity, Santa Cruz County, Arizona: U.S. Geological Survey, Scientific Investigations Report 2019-5077, 164 p., accessed May 21, 2021 at https://doi.org/10.3133/sir20195077.",2019,"Geochemical and Mineralogical Study of the Red Mountain Porphyry Copper-Molybdenum Deposit and Vicinity, Santa Cruz County, Arizona","Chaffee, Maurice A."
Christiansen_2010,"Hofstra, Albert H.",https://doi.org/10.3133/ofr20101077,Nevada,"Devonian Popovich Formation, Screamer sector of the Betze-Post gold deposit, northern Carlin trend,  Eureka Co.",333,YES,Carlin-type,Au,"Christiansen, William D., Hofstra, Albert H., Zohar, Pamela B., and Tousignant, Gilles, 2010, Geochemical and stable isotopic data on barren and mineralized drill core in the Devonian Popovich Formation, Screamer sector of the Betze-Post gold deposit, northern Carlin trend, Nevada: U.S. Geological Survey, Open-File Report 2010-1077, 11 p., accessed May 21, 2021 at https://doi.org/10.3133/ofr20101077.",2010,"Geochemical and stable isotopic data on barren and mineralized drill core in the Devonian Popovich Formation, Screamer sector of the Betze-Post gold deposit, northern Carlin trend, Nevada","Christiansen, William D., Hofstra, Albert H., Zohar, Pamela B., and Tousignant, Gilles"
Cohen_2011,"John, David A.",https://ir.library.oregonstate.edu/concern/graduate_thesis_or_dissertations/r494vn74j,Nevada,Ann-Mason deposit,618,NO,Porphyry Cu-Mo-Au,Porphyry/skarn Cu or Lithocap alunite,"Cohen, Julia F., 2011, Compositional Variations in Hydrothermal White Mica and Chlorite from Wall-Rock Alteration at the Ann-Mason Porphyry Copper Deposit, Nevada: Oregon State University, M.S. thesis, 138 p., accessed May 21, 2021 at https://ir.library.oregonstate.edu/concern/graduate_thesis_or_dissertations/r494vn74j.",2011,"Compositional Variations in Hydrothermal White Mica and Chlorite from Wall-Rock Alteration at the Ann-Mason Porphyry Copper Deposit, Nevada","Cohen, Julia F."
Connor_1990,"Granitto, Matthew",https://doi.org/10.3133/ofr90234B,Idaho,"Idaho Cobalt Belt, Lemhi Co.",279,YES,IOA-IOCG or unknown,"IOCG, Polymetallic sulfide replacement or unknown","Connor, Jon J. , Bartel, Ardith J., Brandt, Elaine L., Briggs, Paul H., Danahey, S., Fey,  David L., Hatfield, D.B., Malcolm, Mollie J., Merritt, V., Riddle, George O., Roof, S.,Stewart, Kathleen C.,  Storey, J.,  Taggert, Joseph E. Jr., and Vaughn, R. Bruce, 1990, Geochemical stratigraphy of the Yellowjacket Formation (Middle Proterozoic) in the area of the Idaho Cobalt Belt, Lemhi County, Idaho, Part B - Geochemical data files: U.S. Geological Survey Open-File Report 90-234-B, accessed May 21, 2021 at https://doi.org/10.3133/ofr90234B.",1990,"Geochemical stratigraphy of the Yellowjacket Formation (Middle Proterozoic) in the area of the Idaho Cobalt Belt, Lemhi County, Idaho, Part B - Geochemical data files","Connor, Jon J. , Bartel, Ardith J., Brandt, Elaine L., Briggs, Paul H., Danahey, S., Fey,  David L., Hatfield, D.B., Malcolm, Mollie J., Merritt, V., Riddle, George O., Roof, S.,Stewart, Kathleen C.,  Storey, J.,  Taggert, Joseph E. Jr., and Vaughn, R. Bruce"
Connor_1991,"Granitto, Matthew","https://doi.org/	10.3133/ofr91259B",Idaho,"Idaho Cobalt Belt, Lemhi Co.",166,YES,IOA-IOCG,IOCG,"Connor, Jon J., 1991, Some geochemical features of the Blackbird and Jackass zones of the Yellowjacket Formation (middle Proterozoic) in east-central Idaho: U.S. Geological Survey Open-File Report 91-259-B, accessed May 21, 2021 at https://doi.org/10.3133/ofr91259B.",1991,Some geochemical features of the Blackbird and Jackass zones of the Yellowjacket Formation (middle Proterozoic) in east-central Idaho,"Connor, Jon J."
Day_2014,"Granitto, Matthew",https://doi.org/10.3133/ofr20141053,Missouri,SE Missouri,274,YES,IOA-IOCG,"IOA, IOCG, Polymetallic sulfide skarn or Replacement Mn","Day, Warren C., and Granitto, Matthew, 2014, Geologic field notes and geochemical analyses of outcrop and drill core from Mesoproterozoic rocks and iron-oxide deposits and prospects of southeast Missouri: U.S. Geological Survey Open-File Report 2014-1053, accessed May 21, 2021 at https://doi.org/10.3133/ofr20141053.",2014,Geologic field notes and geochemical analyses of outcrop and drill core from Mesoproterozoic rocks and iron-oxide deposits and prospects of southeast Missouri,"Day, Warren C., and Granitto, Matthew"
Day_2016,"Granitto, Matthew",https://doi.org/10.5066/F7P26W67,Missouri,SE Missouri,85,NO,IOA-IOCG,IOA or IOCG,"Day, W.C., Granitto, Matthew, Ayuso, R.A., and Slack, J.F., 2017, Geochemical Database for Iron Oxide-Copper-Cobalt-Gold-Rare Earth Element Deposits of Southeast Missouri (ver. 1.1, August 2017): U.S. Geological Survey data release, accessed May 21, 2021 at https://doi.org/10.5066/F7P26W67.",2016,"Geochemical Database for Iron Oxide-Copper-Cobalt-Gold-Rare Earth Element Deposits of Southeast Missouri (ver. 1.1, August 2017)","Day, W.C., Granitto, Matthew, Ayuso, R.A., and Slack, J.F."
Dye_2015,"Kelley, Karen D.",,Colorado,"Cripple Creek alkaline complex, Teller Co.",73,NO,Alkalic porphyry,Low sulfidation Au,"Dye, Matthew D., 2015, Mineralogical characterization and paragenesis of the Cripple Creek district, Colorado: M.S. thesis, Golden, Colorado School of Mines, 126 p.",2015,"Mineralogical characterization and paragenesis of the Cripple Creek district, Colorado","Dye, Matthew D."
Eck_2010,"Hofstra, Albert H.",https://doi.org/10.34917/2228977,Nevada,Getchell deposit,168,NO,Carlin-type,Au,"Eck, Nathan C., 2010, The effects of contact metamorphism on the host rocks for Carlin-type mineralization at the Getchell deposit, Nevada, USA: Las Vegas, University of Nevada, M.S. thesis, 124 p., accessed May21, 2021 at http://dx.doi.org/10.34917/2228977.",2010,"The effects of contact metamorphism on the host rocks for Carlin-type mineralization at the Getchell deposit, Nevada, USA","Eck, Nathan C."
Granitto_2017,"Granitto, Matthew",https://doi.org/10.5066/F71G0K7X,Maine,Bald Mountain massive sulfide deposit,25,YES,Marine chemocline,Black shale,"Granitto, Matthew, Giles, S.A., and Kelley, K.D., 2017, Global Geochemical Database for Critical Metals in Black Shales: U.S. Geological Survey data release, accessed May 21, 2021 at https://doi.org/10.5066/F71G0K7X.",2017,Global Geochemical Database for Critical Metals in Black Shales,"Granitto, Matthew, Giles, S.A., and Kelley, K.D."
Granitto_2018,"Granitto, Matthew",https://doi.org/10.5066/F71G0K7X,Missouri,St. Francois Mountains,51,YES,IOA-IOCG,IOA,"Granitto, M., du Bray, E.A., Day, W.C., Meighan, C.J., Slack, J.F., and Ayuso, R.A., 2018, Geochemical and modal data for Mesoproterozoic igneous rocks of the St. Francois Mountains, southeast Missouri: U.S. Geological Survey data release, accessed May 21, 2021 at https://doi.org/10.5066/F79W0DSN.",2018,"Geochemical and modal data for Mesoproterozoic igneous rocks of the St. Francois Mountains, southeast Missouri","Granitto, M., du Bray, E.A., Day, W.C., Meighan, C.J., Slack, J.F., and Ayuso, R.A."
Guzman_2020,"Guzman, Mario",,multi-state,Climax-type molybenum,139,YES,Climax-type or Porphyry Cu-Mo-Au,"Intermediate sulfidation Sb-jasperoid, Polymetallic sulfide replacement, Polymetallic sulfide vein or Porphyry Mo","Guzman, Mario, 2020, compilation of unpublished and published USGS National Geochemical Database data from Climax-type molybenum deposits.",,,
Hammond_2001,"Hofstra, Albert H.",https://digitalcommons.usu.edu/etd/6719/,Nevada,Bald Mountain-Alligator Ridge district,104,NO,Carlin-type or Reduced intrusion-related,Au or Distal disseminated Ag-Au,"Hammond, K. Jill, 2001, Structural and geochemical analyses of disseminated-gold deposits, Bald Mountain-Alligator Ridge district, Nevada: Insights into fault-zone architecture and its effects on mineralization: Logan, Utah State University, M.S. thesis, 133 p., accessed May 21, 2021 at https://digitalcommons.usu.edu/etd/6719/.",2001,"Structural and geochemical analyses of disseminated-gold deposits, Bald Mountain-Alligator Ridge district, Nevada: Insights into fault-zone architecture and its effects on mineralization","Hammond, K. Jill"
Hefner_1992,"Hofstra, Albert H.",http://www.nbmg.unr.edu/Maps&Data/NVGeologyTheses.html,Nevada,"Horse Canyon disseminated gold mine, Eureka Co.",237,NO,Carlin-type,Au,"Hefner, Melody Lynn, 1992, Stratigraphy, structure and geochemistry of the Horse Canyon disseminated gold mine, Eureka Co., Nevada: Reno, University of Nevada Reno, Masters dissertation, 221 p., accessed May 21, 2021 at http://www.nbmg.unr.edu/Maps&Data/NVGeologyTheses.html.",1992,"Stratigraphy, structure and geochemistry of the Horse Canyon disseminated gold mine, Eureka Co., Nevada","Hefner, Melody Lynn"
Henkelman_2004,"Hofstra, Albert H.",https://doi.org/10.25669/10j9-14ls,Nevada,"Betze-Post deposit, northern Carlin-Trend, Eureka Co.",490,NO,Carlin-type,Au,"Henkelman, Christine A., 2004, Pyrite geochemistry across the Betze-Post deposit, northern Carlin-Trend, Nevada: Las Vegas, University of Nevada, Las Vegas, Masters dissertation, 150 p., accessed May 21, 2021 at http://dx.doi.org/10.25669/10j9-14ls.",2004,"Pyrite geochemistry across the Betze-Post deposit, northern Carlin-Trend, Nevada","Henkelman, Christine A."
Hofstra_1994,"Hofstra, Albert H.",,Nevada,"Carlin-type gold deposits in the Jerritt Canyon district, Elko Co.",155,NO,Carlin-type,Au,"Hofstra, Albert H., 1994, Geology and genesis of the Carlin-type gold deposits in the Jerritt Canyon district, Nevada: Boulder, University of Colorado, Ph.D dissertation, 719 p.",1994,"Geology and genesis of the Carlin-type gold deposits in the Jerritt Canyon district, Nevada","Hofstra, Albert H."
Holwell_2019,"Kelley, Karen D.",https://doi.org/10.1038/s41467-019-11065-4,Colorado,Cripple Creek deposit,6,NO,Alkalic porphyry,Low sulfidation Au,"Holwell, David A., Fiorentini, Marco, McDonald, Iain, Lu, Yongjun, Giuliani, Andrea, Smith, Daniel J., Keith, Manuel, and Locmelis, Marek, 2019, A metasomatized lithospheric mantle control on the metallogenic signature of post-subduction magmatism: Nature Communications, vol. 10, accessed May 21, 2021 at https://doi.org/10.1038/s41467-019-11065-4",2019,"A metasomatized lithospheric mantle control on
the metallogenic signature of post-subduction
magmatism","Holwell, David A., Fiorentini, Marco, McDonald, Iain, Lu, Yongjun, Giuliani, Andrea, Smith, Daniel J., Keith, Manuel, and Locmelis, Marek"
Ingraffia_2020,"Hofstra, Albert H.",https://scholarworks.unr.edu/handle/11714/7477,Nevada,"Thacker Pass deposit, Humboldt Co.",9,NO,Lacustrine evaporite,Li-clay,"Ingraffia, James T., 2020, Lithium at the Thacker Pass deposit, Humboldt County, Nevada, U.S.A.: Reno, University of Nevada, M.S. thesis, 143 p., accessed May 21, 2021 at https://scholarworks.unr.edu/handle/11714/7477.",2020,"Lithium at the Thacker Pass deposit, Humboldt County, Nevada, U.S.A.","Ingraffia, James T."
John_1989,"John, David A.",,Nevada,"Paradise Peak mine, Nye Co.",453,YES,Porphyry Cu-Mo-Au,"High Sulfidation Au-Ag, Lithocap alunite/High sulfidation Au-Ag or Lithocap kaolinite/High sulfidation Au-Ag","John, David A., compilation of unpublished USGS National Geochemical Database data from the Paradise Peak mine area, Nye Co., NV.",,,
John_2003a,"John, David A.",,Nevada,"Goldfield area, Esmeralda Co.; NGDB Ashley samples reanalyzed",37,YES,Porphyry Cu-Mo-Au,High sulfidation Au-Ag or Lithocap alunite/High sulfidation Au-Ag,"John, David A., compilation of unpublished USGS National Geochemical Database data from the Goldfield area, Esmeralda Co., NV.",,,
John_2003b,"John, David A.",,Nevada,Mule Canyon deposit,119,YES,Meteoric convection,Low sulfidation epithermal gold-silver,"John, David A., compilation of unpublished USGS National Geochemical Database data from the Mule Canyon deposit, NV.",,,
John_2006,"John, David A.",,Washington,White River,71,YES,Porphyry Cu-Mo-Au,Lithocap alunite/High sulfidation Au-Ag,"John, David A., compilation of unpublished USGS National Geochemical Database data from the White River area, WA.",,,
John_2014,"John, David A.",,California-Nevada,Monitor district,28,YES,Porphyry Cu-Mo-Au,"High sulfidation Au-Ag, Intermediate sulfidation epithermal Au-Ag or Lithocap alunite","John, David A., compilation of unpublished USGS National Geochemical Database data from the Monitor mining district, NV.",,,
Keith_2020,"Kelley, Karen D.",https://doi.org/10.1016/j.gca.2020.01.056,Colorado,Cripple Creek,897,NO,Alkalic porphyry,Low sulfidation Au,"Keith, M., Smith, D.J., Doyle, K., Holwell, D.A., Jenkin, G.R.T., Barry, T.L., Becker, J., and Rampe, J., 2020, Pyrite chemistry: a new window into Au-Te ore-forming processes in alkaline epithermal districts, Cripple Creek, Colorado: Geochimica et Cosmochimica Acta, vol. 274, pp. 172-191., accessed May 21, 2021 at https://doi.org/10.1016/j.gca.2020.01.056.",2020,"Pyrite chemistry: a new window into Au-Te ore-forming processes in alkaline epithermal districts, Cripple Creek, Colorado","Keith, Manuel, Smith, Daniel J., Doyle, Keiran, Holwell, David A., Jenkin, Gawen R.T., Barry, Tiffany L., Becker, Joseph, and Rampe, Jason"
Kuehn_1989,"Hofstra, Albert H.",http://www.nbmg.unr.edu/Maps&Data/NVGeologyTheses.html,Nevada,"gold deposits near Carlin, Eureka Co.(?)",79,NO,Carlin-type,Au,"Kuehn, Carl F., 1989, Studies of disseminated gold deposits near Carlin, Nevada: Evidence for a deep geologic setting of ore formation: State College, Pennsylvania State University, Ph.D dissertation, 395 p., accessed May 21, 2021 at http://www.nbmg.unr.edu/Maps&Data/NVGeologyTheses.html.",1989,"Studies of Disseminated Gold Deposits Near Carlin, Nevada: Evidence for a Deep Geologic Setting of Ore Formation","Kuehn, Carl F."
Lindsey_2019,"Hofstra, Albert H.",,Utah,"Spor Mountain high Be-Li-U-F, Juab Co.",130,YES,Climax-type,"Fluorspar, Volcanogenic Be or Volcanogenic U","Lindsey, David A., 2020, compilation of unpublished and published USGS National Geochemical Database data from the Spor Mountain deposit, Juab Co., UT.",,,
Lowell_2001,"Meighan, Corey",https://doi.org/ 10.1180/002646101300119466,Missouri,"Taum Sauk caldera, SE Missouri",2,NO,IOA-IOCG,Polymetallic sulfide skarn,"Lowell, G.R., and Noll, P.D. Jr., 2001, Fe-Cu-Au-bearing scapolite skarn in moat sediments of the Taum Sauk Caldera, southeastern Missouri, USA: Mineralogical Magazine, June 2001, Vol. 65(3), pp. 373-396, accessed May 21, 2021 at https://doi.org/10.1180/002646101300119466.",2001,"Fe-Cu-Au-bearing scapolite skarn in moat sediments of the Taum Sauk Caldera, southeastern Missouri, USA","Lowell, G.R., and Noll, P.D. Jr."
Lupulescu_2017,"Hofstra, Albert H.",https://doi.org/10.3749/canmin.1600057,New York,"iron oxide-apatite (IOA) deposits, eastern Adirondack Mountains",27,NO,IOA-IOCG,IOA,"Lupulescu,  Marian V., Hughes, John M., Chiarenzelli, Jeffrey R., and Bailey, David G., 2017, Texture, crystal structure, and composition of fluorapatites from iron oxide-apatite (IOA) deposits, eastern Adirondack Mountains, New York: The Canadian Mineralogist, vol. 55, pp. 399-417, accessed May 21, 2021 at https://doi.org/10.3749/canmin.1600057.",2017,"Texture, crystal structure, and composition of fluorapatites from iron oxide-apatite (IOA) deposits, eastern Adirondack Mountains, New York","Lupulescu,  Marian V., Hughes, John M., Chiarenzelli, Jeffrey R., and Bailey, David G."
Maher_1996,"Hofstra, Albert H.",,Nevada,"Veteran Extension in the Robinson (Ely) Porphyry Copper District, White Pine Co.",62,NO,Porphyry Cu-Mo-Au,Porphyry/skarn Cu and Distal disseminated Au-Au,"Maher, David J., 1996, Evolution of jasperoid and hydrothermal alteration at Veteran Extension in the Robinson (Ely) Porphyry Copper District, Nevada: Corvallis, Oregon State University, Masters dissertation, 155 p.",1996,"Evolution of jasperoid and hydrothermal alteration at Veteran Extension in the Robinson (Ely) Porphyry Copper District, Nevada","Maher, David J."
Masinter_1990,"Hofstra, Albert H.",https://searchworks.stanford.edu/view/710523,Nevada,"Gold Bar deposit, Eureka Co.",124,NO,Carlin-type,Au,"Masinter, Robert A., 1990, Geology, wall-rock alteration, and gold mineralization of the Gold Bar deposit, Eureka County, Nevada: Stanford, Stanford University, Masters dissertation, 256 p., accessed May 21, 2021 at https://searchworks.stanford.edu/view/710523.",1990,"Geology, wall-rock alteration, and gold mineralization of the Gold Bar deposit, Eureka County, Nevada","Masinter, Robert A."
Mauk_2019,"Guzman, Mario",,Colorado,Mt. Emmons deposit,18,YES,Climax-type,Polymetallic sulfide vein,"Mauk, Jeffrey L., compilation of unpublished USGS National Geochemical Database data from the Mt. Emmons deposit, NV.",,,
Meighan_2020,"Meighan, Corey",,Missouri,St. Francois Mountains,106,YES,IOA-IOCG,"IOA, IOCG, Polymetallic sulfide skarn or Replacement Mn","Meighan, Corey, compilation of unpublished USGS National Geochemical Database data from the St. Francois Mountains, southeast MO.",,,
Nash_1988,"Hofstra, Albert H.",https://doi.org/10.3133/ofr88661,Idaho,"Blackbird mining district, Lemhi Co.",322,YES,IOA-IOCG,IOCG,"Nash, J. Thomas, Briggs, Paul H., Bartel, Ardith J., and Brandt, Elaine L., 1988, Geochemical results for samples of ore and altered hostrocks, Blackbird mining district, Lemhi County, Idaho: U.S. Geological Survey, Open-File Report 1988-661, 71 p., accessed May 21, 2021 at https://doi.org/10.3133/ofr88661.",1988,"Geochemical results for samples of ore and altered hostrocks, Blackbird mining district, Lemhi County, Idaho","Nash, J. Thomas, Briggs, Paul H., Bartel, Ardith J., and Brandt, Elaine L."
Nash_1990,"Hofstra, Albert H.",https://doi.org/10.3133/ofr90721,Idaho,"Yellowjacket Formation, Lemhi Co.",52,YES,IOA-IOCG,IOCG,"Nash, J. Thomas, Connor, Jon J., Curry, Kenneth J., and Papp, Clara S., 1990, Anomalous chlorine in iron-rich strata, Yellowjacket Formation, Lemhi County, Idaho: analytical data and discussion: U.S. Geological Survey, Open-File Report 1990-721, 36 p., accessed May 21, 2021 at https://doi.org/10.3133/ofr90721.",1990,"Anomalous chlorine in iron-rich strata, Yellowjacket Formation, Lemhi County, Idaho: analytical data and discussion","Nash, J. Thomas, Connor, Jon J., Curry, Kenneth J., and Papp, Clara S."
NDM_2020,"Kelley, Karen D.",,Alaska,Pebble deposit,7488,NO,Porphyry Cu-Mo-Au,Porphyry Cu,"Northern Dynasty Minerals, unpublished data; contact: Jim Lang, Hunter Dickinson Mining, Inc.",,,
NGDB_2020,"Granitto, Matthew",,Idaho,Idaho Cobalt Belt,87,YES,IOA-IOCG or unknown,"IOCG, Cu, Polymetallic sulfide replacement or unknown","Granitto, Matthew, 2020, unpublished USGS National Geochemical Database data from Idaho Cobalt Belt samples of Connor and Nash.",,,
Nold_2014,"Meighan, Corey",https://doi.org/10.1016/j.oregeorev.2013.10.002,Missouri,St. Francois Mountains,11,NO,IOA-IOCG,IOA,"Nold, John L., Dudley, Mark A., and Davidson, Paul, 2014, The Southeast Missouri (USA) Proterozoic iron metallogenic province—Types of deposits and genetic relationships to magnetite–apatite and iron oxide–copper–gold deposits: Ore Geology Reviews, vol. 57, pp. 154-171, accessed May 21, 2021 at https://doi.org/10.1016/j.oregeorev.2013.10.002.",2014,The Southeast Missouri (USA) Proterozoic iron metallogenic province—Types of deposits and genetic relationships to magnetite–apatite and iron oxide–copper–gold deposits,"Nold, John L., Dudley, Mark A., and Davidson, Paul"
Olinger_2019,"Hofstra, Albert H.",https://doi.org/10.5066/P9634NRU,California-Wyoming,"Bear Lodge alkaline complex, Crook Co.; Mountain Pass, San Bernardino Co.",137,NO,Magmatic REE,Carbonatite,"Olinger, Danielle A., 2019, Carbonatite whole-rock and calcite geochemistry from the Bear Lodge alkaline complex, Wyoming and Mountain Pass mine, California: U.S. Geological Survey data release, accessed May 21, 2021 at https://doi.org/10.5066/P9634NRU.",2019,"Carbonatite whole-rock and calcite geochemistry from the Bear Lodge alkaline complex, Wyoming and Mountain Pass mine, California","Olinger, Danielle A."
ONeill_2014,"Hofstra, Albert H.",,Texas,"Sierra Blanca Peaks, Trans-Pecos",14,NO,Climax-type,REE rich rhyolite,"O'Neill, Laurie C., 2014, REE-Be-U-F mineralization of the Round Top laccolith, Sierra Blanca Peaks, Trans-Pecos Texas: Austin, University of Texas, M.S. thesis, 231 p.",2014,"REE-Be-U-F mineralization of the Round Top laccolith, Sierra Blanca Peaks, Trans-Pecos Texas","O'Neill, Laurie C."
Osterberg_1990,"Hofstra, Albert H.",https://repository.arizona.edu/handle/10150/187550,Nevada,"Chimney Creek gold deposit, Humboldt Co.",326,NO,Carlin-type,Au,"Osterberg, Mark W., 1990, Geology and geochemistry of the Chimney Creek gold deposit, Humboldt County, Nevada: Tucson, University of Arizona, Ph.D dissertation; 173 p., accessed May 21, 2021 at https://repository.arizona.edu/handle/10150/187550.",1990,"Geology and geochemistry of the Chimney Creek gold deposit, Humboldt County, Nevada","Osterberg, Mark W."
Phinisey_1995,"Hofstra, Albert H.",,Nevada,"Jerritt Canyon district, Elko Co.",101,NO,Carlin-type,Au,"Phinisey, Jeffrey D., 1995, Petrography, alteration, and mineralization of igneous dikes of the Jerritt Canyon district, Elko County, Nevada: Reno, University of Nevada, Reno, McKay School of Mines, Masters dissertation, 173 p.",1995,"Petrography, alteration, and mineralization of igneous dikes of the Jerritt Canyon district, Elko County, Nevada","Phinisey, Jeffrey D."
Quillen_2017,"Hofstra, Albert H.",https://scholarworks.unr.edu/handle/11714/1994,Nevada,"Union district, Nye Co.",137,NO,Reduced intrusion-related,Polymetallic sulfide S-R-V-IS,"Quillen, Patrick D., 2017, Buffalo Canyon: An Oligocene greisen-like intrusion-related gold deposit in the Union mining district, Nye County, Nevada: Reno, University of Nevada, M.S. thesis, 191 p., accessed May 21, 2021 at https://scholarworks.unr.edu/handle/11714/1994.",2017,"Buffalo Canyon: An Oligocene greisen-like intrusion-related gold deposit in the Union mining district, Nye County, Nevada","Quillen, Patrick D."
Rayias_1999,"Hofstra, Albert H.",,Nevada,"Red Bird mine, Railroad district, Elko Co.",271,NO,Carlin-type,Au,"Rayias, Alexa C., 1999, Stratigraphy, structural geology, alteration, and geochemistry of the northeastern Railroad District, Elko County, Nevada: Reno, University of Nevada, Reno, Masters dissertation.",1999,"Stratigraphy, structural geology, alteration, and geochemistry of the northeastern Railroad District, Elko County, Nevada","Rayias, Alexa  C."
Rytuba_2005,"John, David A.",,Oregon,Quartz Mountain,23,YES,Porphyry Cu-Mo-Au,Lithocap alunite,"Rytuba, James J., 2020, unpublished USGS National Geochemical Database data from the Quartz Mountain area, OR.",,,
Seeger_2003,"Meighan, Corey",,Missouri,"Boss Fe-Cu deposit, Iron-Dent Cos.",125,NO,IOA-IOCG,IOCG,"Seeger, Cheryl M., 2003, Lithology and alteration assemblages of the Boss iron-copper deposit, Iron and Dent Counties, southeast Missouri: University of Missouri-Rolla, Ph.D. dissertation, 154 p.",2003,"Lithology and alteration assemblages of the Boss iron-copper deposit, Iron and Dent Counties, southeast Missouri","Seeger, Cheryl M."
Shallow_1999,"Hofstra, Albert H.",,Nevada,"Rain mine, Elko Co.",563,NO,Carlin-type,Au,"Shallow, Lori J., 1999, Refractory ores at the Rain mine, Elko County, Nevada: Structural controls, wallrock alterations, petrography, and geochemistry: Reno, University of Nevada, Reno, Masters dissertation, 150 p.",1999,"Refractory ores at the Rain mine, Elko County, Nevada: Structural controls, wallrock alterations, petrography, and geochemistry","Shallow, Lori J."
Slack_2003,"Taylor, Cliff D.",https://doi.org/10.5382/Mono.11,Maine,Bald Mountain massive sulfide deposit,116,YES,Volcanogenic seafloor,Polymetallic sulfide,"Slack, John F., Foose, Michael P., and Flohr, Marta J.K., 2003, Exhalative and subsea-floor replacement processes in the formation of the Bald Mountain massive sulfide deposit, northern Maine: Economic Geology, Monograph 11, pp. 513-547, accessed May 21, 2021 at https://doi.org/10.5382/Mono.11.",2003,"Exhalative and subsea-floor replacement processes in the formation of the Bald Mountain massive sulfide deposit, northern Maine","Slack, John F., Foose, Michael P., and Flohr, Marta J.K."
Slack_2012,"Hofstra, Albert H.",https://doi.org/10.2113/econgeo.107.6.1089,Idaho,Idaho Cobalt Belt,60,YES,IOA-IOCG,"IOCG, Blackbird subtype","Slack, John F., 2012, Strata-bound Fe-Co-Cu-Au-Bi-Y-REE deposits of the Idaho Cobalt Belt: Multistage hydrothermal mineralization in a magmatic-related iron oxide copper-gold system: Economic Geology, v. 107, no. 6, pp. 1089-1113, accessed May 21, 2021 at https://doi.org/10.2113/econgeo.107.6.1089.",2012,Strata-bound Fe-Co-Cu-Au-Bi-Y-REE deposits of the Idaho Cobalt Belt: Multistage hydrothermal mineralization in a magmatic-related iron oxide copper-gold system,"Slack, John F."
Taylor_2003,"Taylor, Cliff D.",https://doi.org/10.3133/ofr03154,Alaska,"Stikine area, southeastern Alaska",45,YES,Volcanogenic seafloor,Polymetallic sulfide,"Taylor, Cliff D., 2003, Descriptions of mineral occurrences and interpretation of mineralized rock geochemical data in the Stikine geophysical survey area, southeastern Alaska: U.S. Geological Survey, Open-File Report 03-154, 87 p., accessed May 21, 2021 at https://doi.org/10.3133/ofr03154.",2003,"Descriptions of mineral occurrences and interpretation of mineralized rock geochemical data in the Stikine geophysical survey area, southeastern Alaska","Taylor, Cliff D."
Taylor_2010,"Taylor, Ryan D.",,California,California orogenic gold,12,NO,Orogenic,Au,"Taylor, Ryan D., 2010, unpublished data from California orogenic gold deposits.",,,
Taylor_2019,"Taylor, Ryan D.",,California,"Idaho-Maryland mine, Grass Valley District, Nevada Co.",75,NO,Orogenic,Au,"Taylor, Ryan D., 2019, unpublished data from Idaho-Maryland mine, Grass Valley, California; from mining company.",,,
VanGosen_2008,"Hofstra, Albert H.",https://doi.org/10.3133/ofr20081119,Colorado,"Iron Hill carbonatite complex, Gunnison Co.",5,YES,Magmatic REE,Carbonatite,"Van Gosen, Bradley S., 2008, Geochemistry of rock samples collected from the Iron Hill carbonatite complex, Gunnison County, Colorado: U.S. Geological Survey Open-File Report 2008-1119, 27 p., accessed May 21, 2021 at https://doi.org/10.3133/ofr20081119.",2008,"Geochemistry of rock samples collected from the Iron Hill carbonatite complex, Gunnison County, Colorado","Van Gosen, Bradley S."
VanGosen_2020a,"Van Gosen, Bradley S.",https://doi.org/10.5066/P9VM6GKF,Arizona,"Grand Canyon region, Mohave and Coconino Cos.",38,YES,Basin brine path,Breccia pipe U,"Van Gosen, Bradley S., Benzel, William M., Kane, Tyler J., and Lowers, Heather A., 2020, Geochemical and mineralogical analyses of uranium ores from the Hack II and Pigeon deposits, solution-collapse breccia pipes, Grand Canyon region, Mohave and Coconino Counties, Arizona, USA: U.S. Geological Survey data release, accessed May 21, 2021 at http://doi.org/10.5066/P9VM6GKF",2020,"Geochemical and mineralogical analyses of uranium ores from the Hack II and Pigeon deposits, solution-collapse breccia pipes, Grand Canyon region, Mohave and Coconino Counties, Arizona","Van Gosen, Bradley S., Benzel, William M., Kane, Tyler J., and Lowers, Heather A."
VanGosen_2020b,"Van Gosen, Bradley S.",https://doi.org/10.5066/P9UUILQI,Arizona,"Grand Canyon region, Coconino Co.",39,YES,Basin brine path,Breccia pipe U,"Van Gosen, Bradley S., Benzel, William M., and Campbell, K.M., 2020, Geochemical and X-ray diffraction analyses of drill core samples from the Canyon uranium-copper deposit, a solution-collapse breccia pipe, Grand Canyon area, Coconino County, Arizona: U.S. Geological Survey data release, accessed May 21, 2021 at https://doi.org/10.5066/P9UUILQI.",2020,"Geochemical and X-ray diffraction analyses of drill core samples from the Canyon uranium-copper deposit, a solution-collapse breccia pipe, Grand Canyon area, Coconino County, Arizona","Van Gosen, Bradley S., Benzel, William M., and Campbell, K.M."
VanGosen_2020c,"Van Gosen, Bradley S.",https://doi.org/10.5066/P99YBJLX,Colorado,Wet Mtns area of Custer and Fremont Cos.,51,YES,Magmatic REE,Peralkaline syenite/granite/rhyolite/alaskite/pegmatites,"Van Gosen, Bradley S., 2020, Whole-rock geochemical data for alkaline intrusive rocks in the Wet Mountains area of Custer and Fremont Counties, south-central Colorado, USA: U.S. Geological Survey data release, accessed May 21, 2021 at https://doi.org/10.5066/P99YBJLX.",2020,"Whole-rock geochemical data for alkaline intrusive rocks in the Wet Mountains area of Custer and Fremont Counties, south-central Colorado, USA","Van Gosen, Bradley S."
Verplanck_2020,"Andersen, Allen K.",https://doi.org/10.5066/P9RCPAMC,Wyoming,Bear Lodge complex,67,YES,Magmatic REE,Carbonatite,"Verplanck, Philip L., Anderson, Allen K., and Van Gosen, Bradley S., 2020, Whole-rock geochemical data for the Bear Lodge alkaline complex, Wyoming: 2009 - 2013: U.S. Geological Survey data release, accessed May 21, 2021 at http://doi.org/10.5066/P9RCPAMC.",2020,"Whole-rock geochemical data for the Bear Lodge alkaline complex, Wyoming: 2009 - 2013","Verplanck, Philip L., Anderson, Allen K., and Van Gosen, Bradley S."
Vikre_2014,"Vikre, Peter G.",,California-Nevada,Sweetwater Mountains,1,YES,Porphyry Cu-Mo-Au,Polymetallic sulfide IS,"Vikre, Peter G., 2014, unpublished USGS National Geochemical Database data from the Sweetwater Mountains area, NV.",,,
Vikre_2015,"Vikre, Peter G.",https://doi.org/10.3133/sir20155012,California-Nevada,Bodie Hills volcanic field,273,YES,Porphyry Cu-Mo-Au,"High sulfidation Au-Ag (Cu), High sulfidation Sulfur, Lithocap alunite, Low sulfidation, Low sulfidation Au-Ag, Low sulfidation Hg or Low sulfidation Sb","Vikre, Peter G., John, David A., du Bray, Edward A., and Fleck, Robert J., 2015, Gold-silver mining districts, alteration zones, and paleolandforms in the Miocene Bodie Hills volcanic field, California and Nevada: U.S. Geological Survey Scientific Investigations Report 2015–5012, 160 p., accessed May 21, 2021 at http://dx.doi.org/10.3133/sir20155012.",2015,"Gold-silver mining districts, alteration zones, and paleolandforms in the Miocene Bodie Hills volcanic field, California and Nevada","Vikre, Peter G., John, David A., du Bray, Edward A., and Fleck, Robert J."
Wilt_1993,"Hofstra, Albert H.",https://www.geo.arizona.edu/Antevs/authortitle.html,multiple,multiple,305,NO,Porphyry Cu-Mo-Au,"Distal Disseminated Ag-Au, Polymetallic sulfide intermediate sulfidation, Polymetallic sulfide replacement, Polymetallic sulfide skarn, Polymetallic sulfide skarn/replacement, Polymetallic sulfide vein, Porphyry Cu (Au), Porphyry Cu-Mo or Skarn W","Wilt, Jan C., 1993, Geochemical patterns of hydrothermal mineral deposits associated with calc-alkalic and alkali-calcic igneous rocks as evaluated with neural networks: Univerity of Arizona, Ph.D. dissertation, 727 p., accessed May 21, 2021 at https://www.geo.arizona.edu/Antevs/authortitle.html.",1993,Geochemical patterns of hydrothermal mineral deposits associated with calc-alkalic and alkali-calcic igneous rocks as evaluated with neural networks,"Wilt, Jan C."
Yigit_2003,"Hofstra, Albert H.",https://doi.org/10.1016/S0169-1368(02)00142-7,Nevada,"Gold Bar District, Battle Mountain-Eureka Trend, Eureka Co.",160,NO,Carlin-type,Au,"Yigit, Ozcan, and Hofstra, Albert H., 2003, Lithogeochemistry of Carlin-type gold mineralization in the Gold Bar district, Battle Mountain-Eureka trend, Nevada: Ore Geology Reviews, vol. 22, pp. 201-224, accessed May 21, 2021 at 10.1016/S0169-1368(02)00142-7.",2003,"Lithogeochemistry of Carlin-typ gold mineralization in the Gold Bar district, Battle Mountain-Eureka trend, Nevada","Yigit, Ozcan, and Hofstra, Albert H."
